Unidentified Petpetpet,29000000,false
Glyme,26000000,false
Snowickle,138000,false
Maraquan Yooyu,30000000,false
Dirt Symol,20000000,false
Strale,20000000,false
Dragonfly Nymph,15000000,false
Ditrey,15000000,false
Mootix,10000000,false
Rainblug,9000000,false
Draphly,6000000,false
Tamed Mini-Monster,8000000,false
Aboogala,7500000,false
Birthday Harris,6000000,false
Geb,6000000,false
Glack,5000000,false
Handsome Horus,6500000,false
Jiggybug,6000000,false
Elderly Rock,5000000,false
Feloreena,5000000,false
Flosset,5000000,false
Grey Candychan,5000000,false
Mutant Powtry,5000000,false
Pinchit,6500000,false
Pink Snowbunny,999999,false
Short Fuse,5000000,false
Skuffler,5000000,false
Slorgclops,6000000,false
Snotbunny,5000000,false
Springabee,3000000,false
Valentine Rock,5000000,false
Vullard,5000000,false
Halloween Rock,6000000,false
Bumbluz,4000000,false
Cooty,4000000,false
Faerie Eizzil,4000000,false
Gathow,4000000,false
Halloween Flizzardo,(r180),false
Island Rock,4000000,false
Pink Babaa,4000000,false
Snailien,4000000,false
Zebie,4000000,false
Faerie Bluna,1900000,false
Faerie Meowclops,2800000,false
Grey Meowclops,(r101),false
Grey Snowbunny,3500000,false
Meowclops,3500000,false
Rainbow Meowclops,3000000,false
Scoach,3500000,false
Darigan Carmariller,3000000,false
Faerie Chezzoom,3000000,false
Faerie Feepit,1500000,false
Faerie Kazeriu,1500000,false
Fire Yooyu,3000000,false
Grey Weewoo,3000000,false
Luxury Castle Petpet Bed,3000000,false
Moach,3000000,false
Moffit,2000000,false
Patamoose,3000000,false
Tyrannian Rock,150000,false
Zytch,3000000,false
Grey Faellie,2750000,false
Birthday Feloreena,2700000,false
Breebly,2000000,false
Faerie Kadoatie,410000,false
Faerie Screwtop,2600000,false
Skidget,2600000,false
Faerie Ultra Pinceron,2550000,false
Birthday Doglefox,2000000,false
Candychan,2500000,false
Captive Shadow Wraith,1850000,false
Darigan Angelpuss,1500000,false
Darigan Candychan,(r101),false
Faerie Anubis,2500000,false
Faerie Bilguss,2500000,false
Faerie Talpidat,2500000,false
Faerie Tasu,2500000,false
Frogarott,2500000,false
Grey Gallion,2500000,false
Grey Spardel,2500000,false
Rainbow Ona,2000000,false
Royal Rock,725000,false
Zoomik,2500000,false
Faerie Snarhook,2200000,false
Faerie Gruslen,(r101),false
Faerie Warf,1400000,false
Faerie Polarchuck,1500000,false
Kadoatie,450000,false
Island Gruslen,2100000,false
Babith,2000000,false
Birthday Babaa,2000000,false
Birthday Icklesaur,2000000,false
Birthday Kazeriu,2000000,false
Birthday Meepit,2000000,false
Birthday Slorg,Inflation Notice,false
Birthday Ukali,2000000,false
Blechy,2000000,false
Blue Candychan,2000000,false
Blue Meowclops,2000000,false
Cadro,2000000,false
Darigan Babaa,2000000,false
Darigan Biyako,2000000,false
Darigan Nuk,2000000,false
Darigan Quetzal,2000000,false
Darigan Slorg,2000000,false
Faerie Babaa,2000000,false
Faerie Baby Fireball,2000000,false
Faerie Chatter,2000000,false
Faerie Doglefox,(r101),false
Faerie Faellie,2000000,false
Faerie Gallion,(r101),false
Faerie Hornsby,1750000,false
Faerie Mazzew,2000000,false
Faerie Niptor,2000000,false
Faerie Slorg,2000000,false
Faerie Snorkle,2000000,false
Faerie Snowbunny,2000000,false
Faerie Spyder,1750000,false
Faerie Ukali,2000000,false
Faerie Wheelie,2000000,false
Furwitch,2000000,false
Green Meowclops,2000000,false
Grey Babaa,(r101),false
Grey Cirrus,(r101),false
Grey Noil,(r101),false
Grey Polarchuck,2000000,false
Grumblebug,2000000,false
Halloween Antwerph,2000000,false
Halloween Faellie,2000000,false
Halloween Gypmu,(r101),false
Halloween Spardel,2000000,false
Itchi,2000000,false
Jermite,2000000,false
Krawk,630000,false
Moquot,2000000,false
Mutant Baby Blu,(r101),false
Mutant Niptor,2000000,false
Pink Ona,995000,false
Rainbow Angelpuss,2000000,false
Royal Turmac,1600000,false
Stealthy Candychan,2000000,false
Vacumatic 9000,2000000,false
Wormoeba,2000000,false
Zomutt,2000000,false
Zumagorn,2000000,false
Birthday Ona,1900000,false
Greevix,1800000,false
Robot Snowbunny,2000000,false
Squippit,1800000,false
Darigan Snorkle,(r101),false
Faerie Cirrus,1750000,false
Faerie Puppyblew,1750000,false
Mozito,1700000,false
Faerie Magaral,1600000,false
Halloween Angelpuss,1600000,false
Birthday Flowper,900000,false
Birthday Noil,1500000,false
Christmas Baby Blu,190000,false
Darigan Drugal,2500000,false
Faerie Harris,1500000,false
Halloween Babaa,(r101),false
Island Candychan,(r101),false
Lady Blurg,1300000,false
Larnikin,1500000,false
Minitheus,1300000,false
Pandaphant,1500000,false
Plushie Snowbunny,870000,false
Scriblet,1500000,false
Skritch,1500000,false
Spotted Snowbunny,1500000,false
Turmac,1500000,false
White Weewoo,1400000,false
Zombie Meepit,999999,false
Birthday Warf,Inflation Notice,false
Snow Snowbunny,395000,false
White Meowclops,1600000,false
Hegie,1300000,false
Robot Meowclops,2000000,false
Darigan Gruslen,940000,false
Island Tasu,(r101),false
Halloween Whoot,1000000,false
Snowbunny,875000,false
White Lutra,1000000,false
Birthday Bowla,999999,false
Black Anubis,(r101),false
Black Baby Fireball,999999,false
Black Crabula,965000,false
Black Eizzil,(r101),false
Black Kimbi,(r101),false
Black Uggatrip,999999,false
Black Yullie,(r101),false
Blue Alkenore,999999,false
Blue Avabot,(r101),false
Blue Bearog,(r101),false
Blue Doglefox,999999,false
Blue Drugal,(r101),false
Blue Ghostkerchief,(r101),false
Blue Hopso,999999,false
Blue Icklesaur,999999,false
Blue Mastyxi,(r101),false
Blue Noil,999999,false
Blue Pinklet,999999,false
Blue Pwerko,(r180),false
Blue Quadrone,(r101),false
Blue Tigermouse,999999,false
Blue Weewoo,(r101),false
Desert Crabula,(r101),false
Desert Ona,(r101),false
Desert Psimouse,(r101),false
Desert Spyder,(r101),false
Disco Albat,999999,false
Disco Angelpuss,999999,false
Disco Cobrall,(r101),false
Disco Doglefox,(r101),false
Disco Harris,999999,false
Disco Spardel,(r101),false
Disco Tanizard,999999,false
Eventide Gobbler,999999,false
Eventide Mallard,999999,false
Eventide Snoogy,(r101),false
Fire Ownow,999999,false
Green Bloop,999999,false
Green Carmariller,999999,false
Green Faellie,(r101),false
Green Gruslen,999999,false
Green Nedler,999999,false
Green Quetzal,999999,false
Green Shocket,999999,false
Green Weewoo,(r101),false
Halloween Goldy,999999,false
Halloween Puppyblew,(r101),false
Island Alkenore,999999,false
Island Anubis,999999,false
Maractite Magmut,990000,false
Red Babyca,999999,false
Red Faellie,(r101),false
Red Jinjah,999999,false
Red Taigar,999999,false
Robot Angelpuss,(r101),false
Robot Bika,(r101),false
Robot Blobagus,920000,false
Robot Cirrus,(r101),false
Robot Crabula,(r101),false
Robot Crokabek,(r101),false
Robot Faellie,(r101),false
Robot Frillabon,(r101),false
Robot Gangee,(r101),false
Robot Ghostkerchief,(r101),false
Robot Kookith,(r101),false
Robot Mazzew,(r101),false
Robot Mirgle,(r101),false
Robot Noil,(r101),false
Robot Ona,(r101),false
Robot Ownow,(r101),false
Robot Peadackle,(r101),false
Robot Sandan,(r101),false
Robot Slorg,(r101),false
Robot Snorkle,999999,false
Robot Spyder,(r101),false
Robot Symol,(r101),false
Robot Urgoni,(r101),false
Robot Weewoo,(r101),false
Spotted Frowny,(r101),false
Starry Mortog,999999,false
Veespa,Inflation Notice,false
Water Alabriss,(r101),false
Water Drugal,999999,false
Water Gwalla,999999,false
Water Intesteen,(r101),false
Water Nupie,(r101),false
White Airax,999999,false
White Gallion,(r101),false
White Mazzew,999999,false
White Pinceron,(r101),false
White Slugawoo,(r101),false
White Snomorg,999999,false
White Symol,(r101),false
Yellow Baby Fireball,999999,false
Yellow Cobrall,999999,false
Yellow Gwalla,999999,false
Yellow Ukali,995000,false
Zombie Karren,(r101),false
Birthday Snowickle,800000,false
Black Acko,(r101),false
Black Bearog,995000,false
Black Dofrey,(r101),false
Black Donksaur,(r101),false
Black Fangy,995000,false
Black Gangee,(r101),false
Black Neotrak,995000,false
Black Pfish,995000,false
Black Scarabug,995000,false
Black Splyke,995000,false
Black Symol,995000,false
Blue Acko,(r101),false
Blue Airax,(r101),false
Blue Babaa,995000,false
Blue Baby Space Fungus,995000,false
Blue Bloop,995000,false
Blue Carmariller,(r101),false
Blue Cheerlub,(r101),false
Blue Crokabek,995000,false
Blue Fungree,(r180),false
Blue Gabar,995000,false
Blue Ganuthor,995000,false
Blue Ghoti,990000,false
Blue GX-4 Oscillabot,(r101),false
Blue Hornsby,995000,false
Blue Huggy,(r101),false
Blue Mallard,995000,false
Blue Mirgle,(r101),false
Blue Pawkeet,999999,false
Blue Peo,(r101),false
Blue Pfish,995000,false
Blue Polarchuck,995000,false
Blue Poppit,995000,false
Blue Quadrapus,995000,false
Blue Quetzal,(r101),false
Blue Reptillior,(r101),false
Blue Stopngo 400,(r101),false
Blue Symol,995000,false
Blue Turtum,(r101),false
Blue Wain,(r101),false
Brown Mortog,(r101),false
Brown Pwerko,995000,false
Clay Scamander,995000,false
Cloud Droolik,999999,false
Custard Scamander,975000,false
Desert Boween,995000,false
Desert Dribblet,995000,false
Desert Pikis,(r101),false
Desert Polarchuck,(r101),false
Desert Snorkle,995000,false
Desert Symol,995000,false
Desert Tenna,(r101),false
Desert Triffin,(r101),false
Disco Bazatlan,(r101),false
Disco Blibble,(r101),false
Disco Bloop,(r101),false
Disco Niptor,(r101),false
Disco Nuranna,995000,false
Disco Pawkeet,(r101),false
Disco Polarchuck,995000,false
Disco Sklyde,995000,false
Disco Symol,(r101),false
Disco Tenna,995000,false
Eventide Slogmok,999999,false
Eventide Wherfy,(r101),false
Fire Frowny,(r101),false
Ghost Droolik,985000,false
Ghost Talpidat,995000,false
Green Baby Space Fungus,995000,false
Green Barlow,(r101),false
Green Bearog,999999,false
Green Bika,999999,false
Green Boween,(r101),false
Green Bowla,(r101),false
Green Buzzler,(r101),false
Green Crocalu,(r101),false
Green Cybit,(r101),false
Green Drackonack,995000,false
Green Dragoyle,995000,false
Green Eizzil,995000,false
Green Erisim,995000,false
Green Fangy,(r101),false
Green Flowper,(r101),false
Green Fungree,999999,false
Green Ghostkerchief,995000,false
Green Gobbler,(r101),false
Green Grackle Bug,(r101),false
Green Hippalop,(r101),false
Green Hornsby,975000,false
Green Kazeriu,(r101),false
Green Lyins,(r101),false
Green Mastyxi,(r101),false
Green Meekins,999999,false
Green N-4 Info Retrieval Bot,(r101),false
Green Nuk,(r101),false
Green Peadackle,(r101),false
Green Pikis,(r101),false
Green Pinceron,995000,false
Green Plathydon,999999,false
Green Primella,900000,false
Green Pwerko,(r180),false
Green Quintilc,995000,false
Green Rashpid,999999,false
Green Rotawheel,999999,false
Green Schmoonie,(r101),false
Green Snarhook,(r101),false
Green Soreen,(r101),false
Green Spyder,(r101),false
Green Symol,995000,false
Green Taigar,(r101),false
Green Tapira,(r101),false
Green Teemyte,(r101),false
Green Tralbak,(r101),false
Green Trunkard,(r101),false
Green Ukali,999999,false
Green Ultra Pinceron,999999,false
Green Uniocto,995000,false
Green Urgoni,(r101),false
Green Wheelie,(r101),false
Green Whoot,999999,false
Island Harris,(r101),false
Island Meturf,(r101),false
Island Snicklebeast,(r101),false
Island Spyder,(r101),false
Maractite Gallion,999999,false
Maraquan Albat,995000,false
Maraquan Flowper,985000,false
Maraquan Gallion,995000,false
Maraquan Ghostkerchief,750000,false
Maraquan Warf,915000,false
Maraquan Weewoo,995000,false
Pink Angelpuss,995000,false
Plushie Scamander,995000,false
Red Arkmite,999999,false
Red Baby Blu,995000,false
Red Bearog,995000,false
Red Bloop,945000,false
Red Bubblebee,999999,false
Red Buzzler,(r101),false
Red Cheerlub,(r101),false
Red Cobrall,995000,false
Red Dofrey,995000,false
Red Donksaur,(r101),false
Red Dua,999999,false
Red Eizzil,(r101),false
Red Fangy,999999,false
Red Frillabon,999999,false
Red Fungree,(r101),false
Red Gangee,995000,false
Red Lellefisk,995000,false
Red Lyins,995000,false
Red Meekins,(r101),false
Red N-4 Info Retrieval Bot,(r101),false
Red Nedler,995000,false
Red Peadackle,(r101),false
Red Peo,995000,false
Red Roburg 3T3,(r101),false
Red Rotawheel,(r101),false
Red Snomorg,995000,false
Red Snoogy,995000,false
Red Tapira,995000,false
Red Triffin,995000,false
Red Trunkard,995000,false
Red Ukali,(r101),false
Red Uniocto,(r101),false
Red Walking Carpet,(r101),false
Red Weewoo,995000,false
Red Wheelie,(r101),false
Robot Boween,999999,false
Robot Carmariller,(r101),false
Robot Darpinch,(r101),false
Robot Doglefox,(r101),false
Robot Feepit,995000,false
Robot Lyins,(r101),false
Robot Poppit,995000,false
Robot Reptillior,999999,false
Robot Tomamu,990000,false
Schnelly,Inflation Notice,false
Spotted Acko,995000,false
Starry Faellie,(r101),false
Water Goople,995000,false
Water Greeble,(r101),false
Water Mundo,(r101),false
Water Snarhook,995000,false
Water Symol,999999,false
White Acko,(r101),false
White Bilguss,980000,false
White Blibble,(r101),false
White Bubblebee,995000,false
White Cheerlub,999999,false
White Chumablah,(r101),false
White Doglefox,(r101),false
White Erisim,999999,false
White Fir,(r101),false
White Gruslen,999999,false
White Kateil,980000,false
White Ownow,(r101),false
White Primella,999999,false
White Scarabug,995000,false
White Selket,995000,false
White Spyder,(r101),false
White Stopngo 400,995000,false
White Teemyte,(r101),false
White Tenna,995000,false
White Turtum,(r101),false
Yellow Baby Space Fungus,(r101),false
Yellow Bloop,(r101),false
Yellow Bowla,999999,false
Yellow Buzzler,999999,false
Yellow Calabat,995000,false
Yellow Cirrus,995000,false
Yellow Drackonack,995000,false
Yellow Eizzil,(r101),false
Yellow Erisim,995000,false
Yellow Feepit,975000,false
Yellow Felly,985000,false
Yellow Greeble,999999,false
Yellow Hasee,(r101),false
Yellow Horus,999999,false
Yellow Jowlard,995000,false
Yellow Karren,995000,false
Yellow Marbluk,(r101),false
Yellow Meturf,995000,false
Yellow Naleap,(r101),false
Yellow Nedler,995000,false
Yellow Pawkeet,995000,false
Yellow Peo,(r101),false
Yellow Pfish,985000,false
Yellow Powtry,965000,false
Yellow Quintilc,(r101),false
Yellow Spyder,(r101),false
Yellow Symol,995000,false
Yellow Tapira,995000,false
Yellow Teemyte,999999,false
Yellow Triffin,999999,false
Zombie Boween,(r101),false
Zombie Gobbler,995000,false
Zombie Gypmu,950000,false
Zombie Huggy,995000,false
Zombie Symol,999999,false
Zombie Tyrowbee,995000,false
Desert Slorg,(r101),false
Green Baby Fireball,999999,false
Green Cirrus,(r101),false
Green Greeble,(r101),false
Green Quadrone,999999,false
Green Turtmid,(r101),false
Green Uggatrip,990000,false
Red Felly,990000,false
Red Pikis,999999,false
Red Wain,(r101),false
Red Wreathy,990000,false
Robot Harris,995000,false
Robot Sauropod,(r101),false
White Fangy,995000,false
White Hippalop,995000,false
White Icklesaur,980000,false
Yellow Gabar,990000,false
Yellow Garooda,990000,false
Birthday Leeble,860000,false
Birthday Lutra,Inflation Notice,false
Black Mazzew,985000,false
Black Narwhool,975000,false
Black Stego,985000,false
Eventide Skelly,985000,false
Green Gangee,980000,false
Green Niptor,(r101),false
Green Scarabug,985000,false
Green Seti,975000,false
Purple Snomorg,480000,false
Red Acko,990000,false
Red Teemyte,985000,false
Robot Anubis,985000,false
Robot Mallard,940000,false
Robot Warf,920000,false
Spotted Babaa,985000,false
Spotted Baby Blu,985000,false
Starry Gwalla,985000,false
Starry Intesteen,999999,false
White Drackonack,985000,false
Yellow Hoovle,990000,false
Yellow Weewoo,985000,false
Black Nuranna,(r101),false
Blue Donksaur,980000,false
Blue Wreathy,(r101),false
Christmas Schnelly,999999,false
Green Ganuthor,980000,false
Green Spardel,995000,false
Magma Baby Fireball,970000,false
Robot Ganuthor,(r101),false
Royal Cyodrake,925000,false
Starry Gangee,980000,false
Green Cheerlub,970000,false
Green Whinny,965000,false
Robot Polarchuck,(r101),false
Royal Mortog,999999,false
Starry Yullie,975000,false
Blue Barbat,995000,false
Blue Catamara,960000,false
Blue Splyke,955000,false
Desert Sklyde,(r101),false
Disco Bilguss,970000,false
Fire Weewoo,915000,false
Green Tigermouse,975000,false
Green Wain,999999,false
Island Puppyblew,990000,false
Starry Babaa,970000,false
Starry Ettaphant,970000,false
Starry Symol,995000,false
Water Hasee,(r101),false
Yellow Mallard,995000,false
Yellow Mortog,960000,false
Birthday Mazzew,875000,false
Black Khnum,815000,false
Blue Stego,950000,false
Blue Wadjet,965000,false
Disco Snarhook,965000,false
Green Barbat,950000,false
Green Horus,965000,false
Green Kookith,965000,false
Green Noil,965000,false
Red Angelpuss,965000,false
Red Narwhool,950000,false
Robot Buzzer,940000,false
Yellow Barlow,999999,false
Yellow Drugal,965000,false
Yellow Millipod,995000,false
Yellow Swabby,965000,false
Fire Teemyte,960000,false
Green Mibblie,999999,false
Yellow Nuranna,990000,false
Robot Uniocto,970000,false
Spotted Ona,955000,false
White Mirgle,985000,false
Yellow Slorg,(r101),false
Black Delfin,999999,false
Blue Dua,935000,false
Blue Gallion,(r101),false
Blue Horus,995000,false
Blue Selket,935000,false
Christmas Orbulon,999999,false
Green Delfin,930000,false
Red Pawkeet,950000,false
Tyrannian Snomorg,895000,false
Yellow Harris,995000,false
Yellow Searex,995000,false
Zombie Beekadoodle,999999,false
Birthday Erisim,945000,false
Blue Cobrall,855000,false
Fire Felly,999999,false
Green Avabot,995000,false
Green Blibble,995000,false
Green Feepit,(r101),false
Green Harris,995000,false
Green Turtum,(r101),false
Red Rashpid,(r101),false
Red Slugawoo,945000,false
Spotted Mortog,(r101),false
Starry Eizzil,945000,false
Yellow Gangee,945000,false
Yellow Gobbler,995000,false
Yellow Stopngo 400,995000,false
Zombie Neucloop,(r101),false
Dung Scamander,940000,false
Green Angelpuss,995000,false
Magma Symol,925000,false
Red Meturf,995000,false
Red Splyke,990000,false
Yellow Crabula,995000,false
Zombie Splyke,945000,false
Fire Blurgah,999999,false
Yellow Charnie,995000,false
Yellow Werhond,995000,false
Zombie Calabat,(r101),false
Black Snicklebeast,945000,false
Green Bubblebee,995000,false
Green Charnie,(r101),false
Green Khnum,930000,false
Green Quadrapus,995000,false
Halloween Scamander,930000,false
Red Poppit,900000,false
Khonsu,Inflation Notice,false
Pink Wadjet,750000,false
Pirate Jinjah,925000,false
Spotted Noilkeet,999999,false
Starry Warf,995000,false
Green Gabar,945000,false
Green Noak,945000,false
Maraquan Swabby,990000,false
Rotweilie,910000,false
Yellow Tencals,995000,false
Fire Albat,995000,false
Fire Antwerph,980000,false
Fire Grackle Bug,915000,false
Fire Melvie,999999,false
Fire Quadrone,999999,false
Fire Spardel,999999,false
Fire Wibreth,999999,false
Magma Alabriss,915000,false
Maraquan Meowclops,(r180),false
Starry Gabar,995000,false
White Wheelie,915000,false
Yellow Slugawoo,940000,false
Fire Airax,985000,false
Fire Lyins,910000,false
Fire Nuranna,910000,false
Green Teasqito,910000,false
Magma Magtile,940000,false
Maractite Flishy,910000,false
Red Barlow,910000,false
Red Symol,995000,false
Starry Cobrall,990000,false
Starry Ghostkerchief,999999,false
Brown Pawkeet,965000,false
Fire Faellie,965000,false
Fire Fangy,980000,false
Starry Polarchuck,999999,false
Starry Staragus,995000,false
Birthday Slymook,900000,false
Blue Harris,930000,false
Disco Warf,900000,false
Fire Dua,900000,false
Maractite Buzzler,999999,false
Maractite Noil,995000,false
Maractite Ramosan,999999,false
Red Primella,900000,false
Red Scarabug,900000,false
Yellow Tigermouse,975000,false
Green Mirgle,995000,false
Green Pinklet,995000,false
Maractite Slorg,930000,false
Red Baby Space Fungus,995000,false
White Quadrapus,990000,false
Yellow Cougi,995000,false
Yellow Dandan,999999,false
Yellow Peadackle,995000,false
Yellow Spirkle,995000,false
Yellow Taigar,995000,false
Yellow Taweret,895000,false
Yellow Whinny,995000,false
Brown Manjeer,995000,false
Green Catamara,890000,false
Maractite Kazeriu,920000,false
Yellow Cybit,890000,false
Blue Angelpuss,950000,false
Disco Carma,995000,false
Maraquan Anubis,940000,false
Maraquan Blobagus,995000,false
Maraquan Buzzer,995000,false
Maraquan Carma,995000,false
Maraquan Griefer,995000,false
Maraquan Noil,995000,false
Maraquan Slorg,995000,false
Maraquan Snarhook,995000,false
Maraquan Stego,995000,false
Maraquan Symol,920000,false
Maraquan Tenna,990000,false
Pirate Mortog,990000,false
Maraquan Candychan,(r101),false
Maraquan Mazzew,995000,false
White Anubis,880000,false
Fire Slorg,999999,false
Spotted Kookith,990000,false
Starry Barlow,995000,false
Fire Carma,965000,false
Green Frillabon,(r101),false
Yellow Rotawheel,995000,false
Yellow Snoogy,870000,false
Frowny,Inflation Notice,false
Glowing Meepit,865000,false
Green Floud,999999,false
Magma Werhond,840000,false
Red Avabot,945000,false
Spotted Abominable Snowball,400000,false
Yellow Plathydon,945000,false
Fire Tenna,955000,false
White Felf,905000,false
Yellow Uggatrip,999999,false
Cloud Eizzil,990000,false
Magma Screal,855000,false
Robot Uggatrip,995000,false
Starry Gumblesh,900000,false
Blue Melvie,850000,false
Fire Hydruplit,850000,false
Magma Slorg,850000,false
Starry Goople,999999,false
Yellow Primella,695000,false
Brown Kookith,999999,false
Christmas Meepit,675000,false
Ghost Ona,500000,false
Green Sludgy,920000,false
Plushie Meowclops,895000,false
White Stego,825000,false
Yellow Snicklebeast,995000,false
Cloud Meowclops,(r180),false
Maractite Naleap,850000,false
Purple Fungree,940000,false
Starry Aroota,990000,false
Fire Goople,995000,false
Fire Kazeriu,990000,false
Fire Turtum,995000,false
Fire Uniocto,995000,false
Starry Spyven,995000,false
Birthday Polarchuck,700000,false
Ghost Slorg,830000,false
Spotted Tasu,995000,false
Blue Miamouse,995000,false
Fire Spyven,825000,false
Fire Swabby,995000,false
Green Ghoti,825000,false
Magma Mimbi,825000,false
Sketch Babyca,805000,false
Birthday Barlow,820000,false
Fire Alkenore,940000,false
Fire Hasee,915000,false
Fire Jinjah,995000,false
Fire Seti,990000,false
Fire Blobagus,995000,false
Fire Boween,995000,false
Fire Duocorn,995000,false
Fire Eizzil,815000,false
Fire Navibot,995000,false
Fire Whinny,990000,false
Red Gobbler,815000,false
Spotted Gruslen,815000,false
Starry Dribblet,970000,false
Starry Kepru,995000,false
Starry Millipod,995000,false
Starry Ombat,995000,false
Starry Spyder,995000,false
Starry Surzard,995000,false
Fire Pfish,895000,false
Starry Noak,985000,false
Starry Slorg,999999,false
Stealthy Bubblebee,715000,false
Brown Ona,995000,false
Red Ghostkerchief,975000,false
Spotted Warf,995000,false
Custard Darblat,885000,false
Fire Raindorf,900000,false
Maractite Apis,800000,false
Maractite Mallard,800000,false
Red Stego,910000,false
Starry Wuzzle,800000,false
Yellow Bluna,800000,false
Zombie Kepru,995000,false
Birthday Angelpuss,795000,false
Fire Alabriss,795000,false
Fire Snorkle,995000,false
Green Duocorn,995000,false
Green Peo,995000,false
Pirate Tasu,795000,false
Red Blurtle,940000,false
Red Niptor,795000,false
Yellow Raindorf,795000,false
Maractite Melton,995000,false
Pirate Meowclops,995000,false
Pirate Ona,920000,false
Red Ghoti,795000,false
Yellow Doglefox,500000,false
Yellow Magmut,810000,false
Yellow Navibot,845000,false
Baraga,905000,false
Fire Kookith,945000,false
Maractite Symol,905000,false
White Wadjet,785000,false
Fire Buzzer,610000,false
Ghost Kookith,780000,false
Red Teasqito,625000,false
Spirkle,780000,false
Spotted Dofrey,995000,false
Spotted Slorg,999999,false
Yellow Scarabug,885000,false
Black Goulblee,585000,false
Fire Gallion,995000,false
Fire Noil,995000,false
Green Doglefox,775000,false
Starry Alkenore,995000,false
Yellow Shocket,895000,false
Yellow Wadjet,775000,false
Birthday Filamen,535000,false
Pirate Gobbler,700000,false
White Donksaur,725000,false
Fire Cheerlub,995000,false
Fire Donksaur,995000,false
Birthday Grackle,570000,false
Cloud Walking Carpet,760000,false
Fire Snicklebeast,995000,false
Blue Warf,745000,false
Fire Dragoyle,999999,false
Fire Meturf,999999,false
Orange Beekadoodle,755000,false
Spotted Symol,995000,false
Birthday Xampher,750000,false
Brown Wheelie,750000,false
Dung Darblat,785000,false
Fire Ona,875000,false
Fungree,490000,false
Maractite Bika,995000,false
Orange Meekins,795000,false
Red Anubis,750000,false
Royal Candychan,750000,false
Yellow Delfin,900000,false
Chezzoom,640000,false
Fire Harris,745000,false
Fire Puppyblew,750000,false
Maractite Blurgah,995000,false
Christmas Fungree,780000,false
Cloud Snicklebeast,945000,false
Spotted Cheerlub,930000,false
Starry Uniocto,995000,false
Tyrannian Meowclops,795000,false
Fire Uggatrip,735000,false
Dung Meepit,710000,false
Fire Bloop,730000,false
Orange Kateil,675000,false
Robot Cobrall,999999,false
Spotted GX-4 Oscillabot,830000,false
Fire Tanizard,900000,false
Orange Drugal,995000,false
Spotted Polarchuck,980000,false
Yellow Mirgle,815000,false
Yellow Uniocto,895000,false
Cloud Neotrak,950000,false
Fire Magaral,999999,false
Fire Niptor,980000,false
Maractite Dartail,995000,false
Yellow Baby Blu,995000,false
Birthday Quadrapus,695000,false
Green Alkenore,715000,false
Maraquan Floud,995000,false
Maraquan Harris,995000,false
Spotted Airax,815000,false
Tyrannian Babyca,(r101),false
Fire Sandan,895000,false
Ghost Beekadoodle,700000,false
Green Triffin,800000,false
Orange Seti,700000,false
Plushie Faellie,810000,false
Brown Millipod,985000,false
Cloud Carma,815000,false
Dua,770000,false
Ghost Pawkeet,900000,false
Purple Mortog,600000,false
Spotted Angelpuss,830000,false
Cloud Slugawoo,900000,false
Starry Screal,890000,false
Cloud Magaral,770000,false
Cloud Symol,900000,false
Cloud Taweret,765000,false
Ghost Faellie,670000,false
Maraquan Hasee,995000,false
Fire Bowla,835000,false
Ghost Babaa,730000,false
Pirate Symol,540000,false
Orange Symol,670000,false
Birthday Turdle,665000,false
Fire Abominable Snowball,995000,false
Fire Catamara,915000,false
Fire Mazzew,695000,false
Ghost Gallion,895000,false
Ghost Ganuthor,790000,false
Pirate Harris,560000,false
Spotted Nuranna,999999,false
Spotted Spardel,995000,false
Yellow Snomorg,910000,false
Ghost Arkmite,660000,false
Maraquan Quetzal,825000,false
Brown Icklesaur,990000,false
Cloud Bearog,845000,false
Orange Slorg,755000,false
Pirate Ghostkerchief,930000,false
Red Floud,650000,false
Brown Avabot,950000,false
Cloud Uniocto,820000,false
Pirate Kookith,690000,false
Spotted Harris,645000,false
Fire Muyang,995000,false
Ghost Gabar,830000,false
Ghost Melton,640000,false
Cloud Gwalla,845000,false
Cloud Icklesaur,685000,false
Brown Babaa,630000,false
Cloud Snoogy,880000,false
Ghost Snorkle,630000,false
Ghost Staragus,750000,false
Ghost Uniocto,590000,false
Purple Meepit,630000,false
Tyrannian Darblat,825000,false
Tyrannian Meepit,600000,false
Cloud Horus,625000,false
Pirate Gallion,999999,false
Yellow N-4 Info Retrieval Bot,625000,false
Fire Ghoti,810000,false
Ghost Spyder,465000,false
Spotted Barbat,835000,false
Cloud Seti,995000,false
Ghost Mauket,610000,false
Magma Babaa,835000,false
Maraquan Babaa,995000,false
Maraquan Cobrall,945000,false
Maraquan Spardel,995000,false
Maraquan Spyder,995000,false
Maraquan Turtum,995000,false
Snow Meepit,595000,false
Sketch Meowclops,935000,false
Birthday Nuranna,600000,false
Cloud Ukali,750000,false
Ghost Felf,900000,false
Pirate Candychan,790000,false
Pirate Frillabon,600000,false
Pirate Turnali,600000,false
Red Babaa,890000,false
Red Hippalop,950000,false
Spotted Ghostkerchief,995000,false
Ghost Baby Fireball,999999,false
Ghost Tentacle,595000,false
Ghost Urgoni,595000,false
Pirate Biyako,590000,false
Fire Babaa,925000,false
Ghost Manjeer,660000,false
Orange Staragus,555000,false
Pirate Snicklebeast,585000,false
Yellow Walking Carpet,585000,false
Cloud Cheerlub,865000,false
Cloud Spyven,985000,false
Ghost Doglefox,580000,false
Ghost Dragoyle,580000,false
Ghost Symol,580000,false
Ghost Wadjet,995000,false
Maraquan Gruslen,995000,false
Snow Meowclops,470000,false
Cloud Bikiwan,575000,false
Cloud Snorkle,930000,false
Fire Drackonack,575000,false
Ghost Lyins,575000,false
Pirate Hasee,865000,false
Yellow Arkmite,600000,false
Cyodrake,350000,false
Ghost Magtile,885000,false
Ghost Whoot,635000,false
Orange Hasee,999999,false
Pirate Fir,835000,false
Red Mallard,565000,false
Royal Sklyde,545000,false
Cloud Altachuck,995000,false
Cloud Slorg,990000,false
Electric Yullie,565000,false
Royal Ukali,565000,false
Brown Faellie,(r101),false
Cloud Baby Fireball,999999,false
Cloud Spardel,999999,false
Ghost Aroota,560000,false
Ghost Carma,560000,false
Ghost Crocalu,560000,false
Ghost Grackle Bug,560000,false
Ghost Huggy,985000,false
Ghost Meturf,999999,false
Ghost Noil,560000,false
Ghost Ownow,995000,false
Ghost Slogmok,560000,false
Ghost Tasu,560000,false
Ghost Vaeolus,560000,false
Green Raindorf,580000,false
Green Walking Carpet,560000,false
Pirate Juma,560000,false
Spring Talpidat,535000,false
Cloud Doglefox,730000,false
Spotted Khnum,555000,false
Ghost Walking Carpet,550000,false
Pirate Babyca,(r101),false
Pirate Lil Frankie,955000,false
Pirate Pawkeet,970000,false
Pirate Tentacle,580000,false
Plushie Yooyu,860000,false
Ghost Anubis,545000,false
Ghost Candychan,660000,false
Pirate Buzzer,885000,false
Pirate Crabula,980000,false
Pirate Djuti,955000,false
Pirate Epuni,965000,false
Pirate Ettaphant,960000,false
Pirate Hoovle,545000,false
Pirate Lyins,955000,false
Pirate Mallard,650000,false
Pirate Nuranna,545000,false
Pirate Snarhook,955000,false
Pirate Uniocto,915000,false
Pirate Walking Carpet,975000,false
Royal Faellie,525000,false
Cloud Naleap,999999,false
Cloud Raindorf,930000,false
Pirate Arkmite,565000,false
Plushie Jinjah,220000,false
Royal Anubis,545000,false
Starry Feepit,775000,false
Beepallite,570000,false
Cloud Harris,530000,false
Gwortz,745000,false
Brown Lellefisk,995000,false
Brown Miamouse,985000,false
Cloud Mirgle,820000,false
Fire Feepit,800000,false
Ghost Greeble,525000,false
Ghost Spardel,585000,false
Orange Turtum,625000,false
Pirate Gangee,545000,false
Royal Kiiyak,525000,false
Royal Symol,495000,false
Cloud Tigermouse,800000,false
Ghost Gobbler,810000,false
Ghost Pikis,920000,false
Green Poppit,980000,false
Pirate Peadackle,805000,false
Pirate Weewoo,520000,false
Pirate Yullie,690000,false
Ghost Deaver,560000,false
Orange Naalala,745000,false
Pirate Darpinch,810000,false
Pirate Magaral,515000,false
Pirate Snorkle,515000,false
Spotted Feepit,800000,false
Brown Angelpuss,935000,false
Brown Ghoti,995000,false
Brown Kimbi,995000,false
Brown Slorg,999999,false
Pirate Faellie,735000,false
Robot Blurgah,635000,false
Royal Gallion,890000,false
Royal Gobbler,480000,false
Royal Gwalla,510000,false
Royal Juma,510000,false
Royal Manjeer,510000,false
Royal Mauket,540000,false
Royal Seece,525000,false
Brown Puppyblew,995000,false
Brown Warf,530000,false
Pirate Baby Blu,920000,false
Pirate Spardel,655000,false
Snow Teemyte,390000,false
Spotted Teemyte,740000,false
Christmas Mortog,675000,false
Ghost Harris,500000,false
Pirate Eizzil,545000,false
Pirate Mazzew,870000,false
Pirate Polarchuck,835000,false
Pirate Tenna,850000,false
Plushie Gangee,380000,false
Royal Quetzal,500000,false
Royal Turtum,500000,false
Talpidat,760000,false
Brown Erisim,480000,false
Electric Slorg,795000,false
Ghost Blurtle,495000,false
Ghost Catamara,985000,false
Ghost Cuttlebot,560000,false
Ghost Frillabon,560000,false
Ghost Snuffly,560000,false
Green Nuranna,495000,false
Pirate Poppit,960000,false
Red Tenna,490000,false
Royal Albat,495000,false
Royal Babaa,495000,false
Royal Caprior,495000,false
Royal Delfin,495000,false
Royal Dofrey,495000,false
Royal Fir,495000,false
Royal Gruslen,495000,false
Royal Karren,495000,false
Royal Mallard,495000,false
Royal Noil,495000,false
Royal Seti,495000,false
Royal Slorg,545000,false
Royal Sludgy,495000,false
Royal Tralbak,495000,false
Spotted Puppyblew,500000,false
Goulblee,490000,false
Pirate Babaa,295000,false
Plushie Candychan,960000,false
Foobug,485000,false
Royal Razumi,495000,false
Spotted Buzzer,485000,false
Spotted Eizzil,810000,false
White Cobrall,465000,false
White Noil,500000,false
Orange Uniocto,680000,false
Pirate Gruslen,550000,false
Brown Anubis,450000,false
Electric Symol,390000,false
Plushie Kookith,475000,false
Red Boween,890000,false
Cloud Crokabek,935000,false
Electric Dandan,805000,false
Fire Anubis,470000,false
Green Bilguss,475000,false
Pirate Albat,500000,false
Pirate Doglefox,470000,false
Pirate Slorg,999999,false
Royal Whinny,525000,false
Sketch Weewoo,435000,false
Yellow Bilguss,400000,false
Birthday Schnelly,890000,false
Ghost Buzzer,600000,false
Yellow Babaa,840000,false
Pirate Baby Space Fungus,545000,false
Pirate Bilguss,455000,false
Pirate Melvie,545000,false
Pirate Puppyblew,500000,false
Purple Lutra,850000,false
Red Abominable Snowball,440000,false
Yellow Boween,995000,false
Cloud Gruslen,575000,false
Orange Ona,910000,false
Plushie Griefer,500000,false
Royal Sandan,490000,false
Spotted Bilguss,670000,false
Electric Lil Frankie,480000,false
Pirate Seece,965000,false
Red Khnum,435000,false
Spotted Horus,995000,false
Vernax,370000,false
Yellow Narwhool,775000,false
Ghost Dribblet,560000,false
Ghost Warf,560000,false
Pirate Abominable Snowball,835000,false
Pirate Warf,445000,false
Royal Bazatlan,465000,false
Cloud Karren,430000,false
Cloud Mallard,730000,false
Electric Tigermouse,390000,false
Brown Scarabug,286000,false
Ghost Alabriss,435000,false
Pirate Surzard,720000,false
Plushie Wherfy,435000,false
Spotted Bloop,435000,false
Eventide Talpidat,335000,false
Ghost Carmariller,995000,false
Royal Angelpuss,445000,false
Blobikins,250000,false
Electric Airax,425000,false
Plushie GX-4 Oscillabot,425000,false
Plushie Weewoo,410000,false
Orange Chumablah,395000,false
Brown Blibble,220000,false
Ghost Tenna,690000,false
Sketch Snicklebeast,750000,false
Wobbly Turtum Toy,285000,false
Brown Polarchuck,645000,false
Cloud Duocorn,410000,false
Darblat,725000,false
Pirate Carmariller,410000,false
Orange Mastyxi,710000,false
Sketch Faellie,400000,false
Brown Slugawoo,999999,false
Christmas Meowclops,380000,false
Erge,310000,false
Orange Sludgy,400000,false
Spotted Sludgy,400000,false
Tyrannian Gallion,250000,false
Yellow Reptillior,930000,false
Electric Antwerph,470000,false
Ghost Wuzzle,675000,false
Scamander,390000,false
Sketch Polarchuck,415000,false
Tainted Minion,210000,false
Yellow Mibblie,485000,false
Electric Alabriss,390000,false
Electric Charnie,390000,false
Electric Soreen,900000,false
Electric Surzard,390000,false
Glowing Symol,460000,false
Plushie Ona,999999,false
Spotted Meekins,395000,false
Blue Drackonack,360000,false
Cloud Dua,385000,false
Orange Peo,800000,false
Sketch Harris,390000,false
Brown Ganuthor,420000,false
Glowing Slymook,460000,false
Romeep 3t3,380000,false
Sketch Sludgy,435000,false
Adagio,530000,false
Brown Bluna,605000,false
Candy Vampire,380000,false
Cloud Reptillior,665000,false
Orange Biyako,715000,false
Orange Primella,995000,false
Sketch Snorkle,375000,false
Sketch Triffin,400000,false
Sketch Slorg,370000,false
Brown Karren,545000,false
Brown Quintilc,560000,false
Fire Scarabug,830000,false
Huggy Bear,365000,false
Sketch Quadrapus,249000,false
Plushie Kiiyak,410000,false
Plushie Goople,355000,false
Plushie Pfish,355000,false
Birthday Gruslen,320000,false
Birthday Wherfy,350000,false
Glowing Erisim,995000,false
Green Puppyblew,370000,false
Lutra,Inflation Notice,false
Orange Stopngo 400,460000,false
Plushie Dribblet,350000,false
Plushie Symol,350000,false
Sketch Symol,350000,false
Spotted Cobrall,385000,false
Glowing Sklyde,Inflation Notice,false
Meepit,475000,false
Plushie Pawkeet,375000,false
Sketch Hermiteese,345000,false
Glowing Slorg,Inflation Notice,false
Plushie Magaral,335000,false
Cloud Barbat,325000,false
Combobot,330000,false
Fire Cobrall,405000,false
Plushie Slorg,330000,false
Rollatron,265000,false
Plushie Rashpid,325000,false
Sketch Pawkeet,425000,false
Sketch Tanizard,275000,false
Plushie Shocket,320000,false
Cloud Miamouse,315000,false
Plushie Chuchuana,315000,false
Plushie Hasee,315000,false
Plushie Raindorf,315000,false
Plushie Spyder,525000,false
Spotted Ramosan,405000,false
Custard Doglefox,300000,false
Glowing Wuzzle,Inflation Notice,false
Plushie Doglefox,490000,false
Green Warf,250000,false
Plushie Babaa,640000,false
Plushie Dragoyle,320000,false
Plushie Gallion,525000,false
Sketch Hasee,340000,false
Birthday Raindorf,222000,false
Electric Boween,650000,false
Electric Niptor,300000,false
Electric Tapira,370000,false
Grey Cobrall,395000,false
Red Bluna,360000,false
Red Yullie,300000,false
Sketch Gruslen,320000,false
Tootum,300000,false
Christmas Faellie,255000,false
Green Snorkle,855000,false
Plushie Mirgle,580000,false
Plushie Eizzil,300000,false
Plushie Sandan,290000,false
Yellow Melvie,300000,false
Plushie Morkou,360000,false
Plushie Ownow,355000,false
Plushie Lyins,390000,false
Black Wadjet,285000,false
Glowing Snorkle,268000,false
Plushie Bilguss,285000,false
Red Wadjet,285000,false
Plushie Hopso,250000,false
Red Pfish,260000,false
Plushie Blobagus,193000,false
Glowing Sludgy,800000,false
Glowing Babaa,Inflation Notice,false
Invisible Anubis,242000,false
Sketch Cobrall,400000,false
Sketch Powtry,375000,false
Plushie Feepit,250000,false
Ada,410000,false
Geeky Geb,405000,false
Plushie Buzzer,300000,false
Red Erisim,247000,false
Ultra Mega Bot 2000,325000,false
King Skarl Erisim,310000,false
Yellow Donksaur,270000,false
Dung Ona,298000,false
Plushie Kimbi,325000,false
Sketch Raindorf,320000,false
Christmas Alabriss,825000,false
Plushie Donksaur,260000,false
Plushie Huggy,260000,false
Custard Spardel,665000,false
Plushie Surzard,500000,false
Birthday Yooyu,510000,false
Brown Wreathy,275000,false
Plushie Icklesaur,365000,false
Spotted Bluna,370000,false
Green Hopso,Inflation Notice,false
Plushie Baby Fireball,250000,false
Plushie Noil,238000,false
Plushie Snicklebeast,250000,false
Plushie Uggatrip,250000,false
Checkered Slorg,151000,false
Plushie Harris,210000,false
Christmas Kookith,Inflation Notice,false
Yellow Catamara,520000,false
Cloud Wadjet,248000,false
Plushie Airax,250000,false
Plushie Drackonack,184000,false
Plushie Gobbler,238000,false
Brown Fir,875000,false
Brown Wadjet,680000,false
Unifox,115000,false
Spring Faellie,600000,false
Pirate Angelpuss,Inflation Notice,false
Glowing Feepit,490000,false
Invisible Scarabug,191000,false
Petpetpet Comb,195000,false
Plushie Yullie,355000,false
Dung Palmplat,220000,false
Snow Snicklebeast,119000,false
Plushie Ponka,300000,false
Royal Weewoo,220000,false
Sketch Pikis,291000,false
Skootle Bug,219000,false
Cloud Anubis,670000,false
Nik,214000,false
Christmas Avabot,510000,false
Dung Bika,204000,false
Christmas Cirrus,162000,false
Yellow Floud,251000,false
Custard Babaa,286000,false
Dung Cirrus,204000,false
Plushie Warf,187000,false
Plumpy,285000,false
Plushie Peo,220000,false
Sketch Snarhook,540000,false
Plushie Angelpuss,260000,false
Invisible Ona,183000,false
Mortog,215000,false
Invisible Doglefox,161000,false
Dung Manjeer,195000,false
Dung Faellie,310000,false
Tyrannian Ona,165000,false
Custard Angelpuss,272000,false
Custard Feepit,Inflation Notice,false
Invisible Babaa,118000,false
Purple Kookith,510000,false
Purple Ona,149000,false
Teemyte,221000,false
Tyrannian Kookith,505000,false
Christmas Nuk,191000,false
Beelzebug,119000,false
Custard Slorg,239000,false
Christmas Miamouse,350000,false
Christmas Carmariller,176000,false
Cloud Sludgy,370000,false
Orbulon,290000,false
Stealthy Kookith,159000,false
Elderly Hasee,190000,false
Plushie Miamouse,162000,false
Invisible Slorg,194000,false
Yellow Puppyblew,169000,false
Dung Shocket,163000,false
Plushie Snorkle,234000,false
Invisible Mirgle,126000,false
Birthday Wibreth,124000,false
Dung Symol,179000,false
Dung Angelpuss,168000,false
Christmas Barlow,114000,false
Christmas Swabby,156000,false
Plushie Polarchuck,225000,false
Snow Weewoo,122000,false
Tyrannian Symol,27500,false
Christmas Gallion,350000,false
Invisible Whinny,210000,false
Christmas Pawkeet,144000,false
Pinklet,120000,false
Woodland Mortog,190000,false
Tyrannian Puppyblew,35000,false
Checkered Walking Carpet,164000,false
Invisible Warf,195000,false
Invisible Angelpuss,191000,false
Checkered Spyder,131000,false
Christmas Apis,134000,false
Christmas Donksaur,375000,false
Christmas Lyins,136000,false
Christmas Naleap,380000,false
Christmas Navibot,375000,false
Christmas Slorg,Inflation Notice,false
Christmas Ukali,136000,false
Clay Xepru,635000,false
Dung Navibot,204000,false
Dung Walking Carpet,204000,false
Plushie Meekins,136000,false
Purple Faellie,Inflation Notice,false
Tyrannian Plathydon,72000,false
Purple Symol,25000,false
Christmas Baby Space Fungus,121000,false
Invisible Nuranna,126000,false
Christmas Symol,132000,false
Dung Lizark,249000,false
Plushie Puppyblew,139000,false
Checkered Symol,140000,false
Plushie Mazzew,199000,false
Christmas Gobbler,375000,false
Clay Symol,340000,false
Plushie Snarhook,135000,false
Christmas Yullie,Inflation Notice,false
Goy,350000,false
Dung Slorg,281000,false
Neotrak,127000,false
Clay Slorg,Inflation Notice,false
Invisible Meekins,126000,false
Purple Beekadoodle,82000,false
Purple Triffin,120000,false
Tyrannian Blurgah,119000,false
Tyrannian Ganuthor,101000,false
Tyrannian Gypmu,112000,false
Tyrannian Bloopy,118000,false
Snow Faellie,140000,false
Christmas Sunutek,245000,false
Christmas Eizzil,115000,false
Purple Bloop,73000,false
Tyrannian Faellie,115000,false
Weewoo,123000,false
Christmas Snorkle,89000,false
Christmas Tyrowbee,125000,false
Christmas Whinny,106000,false
Gold Mauket,159000,false
Ghostkerfish,154000,false
Eventide Pandaphant,97000,false
Purple Sludgy,33900,false
Sketch Abominable Snowball,218000,false
Purple Gobbler,85000,false
Purple Ignalce,157000,false
Tyrannian Gobbler,78000,false
Tyrannian Nuk,38700,false
Tyrannian Werhond,69000,false
Tyrannian Rashpid,87000,false
Checkered Antwerph,123000,false
Christmas Ghostkerchief,144000,false
Christmas Huggy,128000,false
Glowing Mazzew,216000,false
Glowing Miamouse,183000,false
Tyrannian Dandan,67500,false
Christmas Nedler,200000,false
Christmas Acko,275000,false
Christmas Babaa,Inflation Notice,false
Christmas Blobagus,Inflation Notice,false
Cloud Snowbunny,95000,false
Dung Polarchuck,223000,false
Sketch Tenna,Inflation Notice,false
Avabot,95500,false
Christmas Baby Blu,95500,false
Christmas Wain,99000,false
Christmas Nuranna,94000,false
Christmas Trunkard,104000,false
Clay Warf,94000,false
Princess Terrana Kookith,176000,false
Purple Dofrey,68000,false
Purple Eizzil,41000,false
Purple Harris,19000,false
Purple Turtum,51000,false
Tyrannian Snoogy,57000,false
Purple Bloopy,93500,false
Purple Lellefisk,71000,false
Snow Gypmu,106000,false
Tyrannian Gabar,76500,false
Airborne Minitheus,93000,false
Christmas Hasee,170000,false
Snow Ona,Inflation Notice,false
Christmas Alkenore,170000,false
Doglefox,100000,false
Tyrannian Tenna,29700,false
Albot,405000,false
Fleurbik,103000,false
Noilkeet,90000,false
Plushie Anubis,249000,false
Purple Warf,90000,false
Snow Muyang,88500,false
Blue Fir,98000,false
Purple Stego,34500,false
Checkered Mazzew,182000,false
Tyrannian Delfin,58000,false
Christmas Bubblebee,103000,false
Dung Warf,198000,false
Snow Symol,42000,false
Purple Tentacle,119000,false
Snow Pawkeet,74000,false
Spotted Hopso,96000,false
Christmas Noil,94000,false
Christmas Gruslen,100000,false
Purple Carmariller,43400,false
Purple Charnie,47800,false
Purple Gruslen,39700,false
Purple Horus,61500,false
Purple Icklesaur,75500,false
Purple Meturf,47000,false
Purple Momba,85000,false
Purple Noak,47400,false
Purple Noil,63000,false
Purple Ramosan,34000,false
Purple Skelly,70000,false
Purple Snoogy,85000,false
Purple Spardel,44000,false
Purple Tasu,48000,false
Purple Tenna,32400,false
Purple Uniocto,33400,false
Striped Usul Toy-On-A-String,85000,false
Tyrannian Apis,51000,false
Purple Dragoyle,77000,false
Tyrannian Snarhook,80000,false
Tyrannian Uniocto,31900,false
Clay Meturf,85000,false
Christmas Mazzew,89000,false
Purple Mimbi,81500,false
Christmas Taweret,81000,false
Royal Farnswap,78500,false
Christmas Chumablah,97000,false
Plushie Catamara,244000,false
Tyrannian Kimbi,79000,false
Christmas Spardel,250000,false
Glowing Stego,83500,false
Spring Ona,78000,false
Purple Gikerot,75500,false
Christmas Lizark,Inflation Notice,false
Purple Snorkle,42500,false
Tyrannian Bloop,44000,false
Tyrannian Crabula,42500,false
Tyrannian Felly,42500,false
Tyrannian Harris,38600,false
Tyrannian Tigermouse,51500,false
Tyrannian Tuceet,53000,false
Tyrannian Ettaphant,76500,false
Tyrannian Polarchuck,48400,false
Tyrannian Seti,59500,false
Clay Angelpuss,85500,false
Snow Candychan,135000,false
Christmas Scado,80000,false
Purple Babaa,20000,false
Winged Kookith,50000,false
Tyrannian Angelpuss,20400,false
Tyrannian Hasee,73000,false
Tyrannian Warf,22300,false
Christmas Peo,71000,false
Tyrannian Buzzer,20000,false
Palmplat,70000,false
Snow Swabby,119000,false
Christmas Pikis,69000,false
Purple Marlock,139000,false
Purple Miamouse,59000,false
Tyrannian Carma,32800,false
Tyrannian Dartail,38400,false
Tyrannian Doglefox,36300,false
Tyrannian Intesteen,52000,false
Tyrannian Marlock,68000,false
Tyrannian Snorkle,68000,false
Plushie Abominable Snowball,77000,false
Robot Abominable Snowball,71000,false
Snow Wherfy,102000,false
Tyrannian Fir,33700,false
Krikket,74000,false
Purple Kepru,66000,false
Tyrannian Nuranna,46000,false
Christmas Angelpuss,88500,false
Purple Doglefox,36400,false
Purple Slogmok,42400,false
Tyrannian Anubis,22100,false
Tyrannian Noil,29700,false
Snow Arkmite,47400,false
Clay Snorkle,61500,false
Snow Raindorf,44900,false
Robot Bython,88000,false
Piraket,62000,false
Snow Sklyde,49700,false
Snow Turtum,60000,false
Tyrannian Alkenore,30000,false
Tyrannian Bearog,22000,false
Tyrannian Spardel,42500,false
Tyrannian Spyder,31300,false
Purple Baby Blu,32000,false
Purple Buzzer,59500,false
Purple Cirrus,59500,false
Purple Cobrall,24700,false
Purple Searex,43800,false
Purple Xepru,59500,false
Spyrabor,80000,false
Tyrannian Blurtle,57000,false
Tyrannian Garooda,34000,false
Tyrannian Miamouse,29700,false
Tyrannian Narwhool,54500,false
Christmas Puppyblew,99000,false
Purple Lyins,59000,false
Tyrannian Bikiwan,59000,false
Purple Blorpulous,48000,false
Erisim,117000,false
Spring Babaa,40000,false
Snow Skelly,57000,false
Desert Lyins,47000,false
Tyrannian Horus,34000,false
Tyrannian Mallard,31800,false
Blooky,67000,false
Christmas Harris,59500,false
Snow Naleap,68000,false
Stahkee,54000,false
Bython,24300,false
Christmas Uniocto,73000,false
Kiiyak,54500,false
Pawkeet,49500,false
Snow Albat,50500,false
Snow Splyke,48000,false
Christmas Warf,83000,false
Tyrannian Petoot,29600,false
Snow Scado,49900,false
Barlow,50000,false
Snow Hasee,53500,false
Tyrannian Slorg,48900,false
Gypmu,48500,false
Swabby,64000,false
Snow Ghostkerchief,50000,false
Snow Seti,46000,false
Tyrannian Snuffly,24900,false
Tyrannian Babaa,25000,false
Christmas Horus,53500,false
Hegelob,45000,false
Purple Meekins,70000,false
Octorna,47500,false
Snow Babaa,49200,false
Christmas Anubis,73500,false
Snow Crabula,42300,false
Snow Drugal,48300,false
Triffin,49600,false
Snow Uniocto,60500,false
Krawkadon,59500,false
Snow Gangee,46500,false
Christmas Fir,40000,false
Mauket,40000,false
Purple Slorg,19900,false
Snow Baby Fireball,41000,false
Snow Yullie,44000,false
Plathydon,50000,false
Snow Noil,41000,false
Snow Snorkle,38500,false
Snow Tyrowbee,49700,false
Wheelie Bot,33500,false
Christmas Mallard,37000,false
Snow Fir,34500,false
Snow Snuffly,37000,false
Spring Uniocto,29000,false
Snow Chumablah,47900,false
Snow Gruslen,45000,false
Snow Warf,37600,false
Clay Buzzer,33200,false
Blurgah,50000,false
Glowing Wadjet,38100,false
Snow Hopso,66000,false
Snow Deaver,31000,false
Christmas Poppit,32800,false
Ganuthor,37500,false
Green Tentacle,49400,false
Snow Marlock,37700,false
Water Turtum,11600,false
Snow Wuzzle,46700,false
Beekadoodle,38000,false
Bleamix,34400,false
Snow Sproing,51000,false
Urgoni,31700,false
Werhond,23800,false
Snow Magaral,30000,false
Snow Mazzew,39500,false
Christmas Snarhook,35000,false
Dandan,25000,false
Snow Wadjet,34700,false
Snow Uggatrip,33000,false
Faellie,Inflation Notice,false
Snow Niptor,38400,false
Purple Abominable Snowball,15000,false
Snow Fangy,34500,false
Christmas Spyder,48100,false
Disco Rotawheel,26500,false
Wherfy,21400,false
Hydruplit,30500,false
Snow Puppyblew,37700,false
Snow Sludgy,27000,false
Pirakeet,27700,false
Christmas Buzzer,30000,false
Graglop,25000,false
Snow Cobrall,29000,false
Clawed Petpet Bath,23000,false
Snow Angelpuss,28000,false
Acko,24900,false
Yellow Abominable Snowball,22800,false
Muyang,22800,false
Batterfly,21000,false
Kateil,29900,false
Yackito,22400,false
Electric Dragoyle,21800,false
Ponka,21900,false
Regal Litter Tray,4300,false
Seece,34300,false
Lellefisk,21000,false
Magtile,24300,false
Trunkard,21000,false
Snow Aroota,55000,false
Gabar,25000,false
King Roo Baby Blu,40000,false
Mirgle,21400,false
Bloopy,19700,false
Dragoyle,21000,false
Goople,21400,false
Crystacat,19000,false
Tekkal,18000,false
Screal,29000,false
Spyven,17800,false
Blibble,29000,false
Juma,17000,false
Gobbler,14900,false
Ignalce,Inflation Notice,false
Bagatelle Petpet Bowl,13500,false
Rainbow Petpet Bath Tub,15300,false
Apis,16000,false
Delfin,2500,false
Flishy,25500,false
Grackle Bug,16000,false
Nuk,19500,false
Vacana,12000,false
Snoogy,15500,false
Gratlik,15400,false
Gingerbread Dandan,30000,false
Robot Turmac,18800,false
Cheerlub,14400,false
Antwerph,15000,false
Manjeer,19000,false
Wooden Petpet Crate,14300,false
Eelika,15200,false
Vaeolus,14100,false
Sauropod,16700,false
Island Rotawheel,9000,false
Froiler,13400,false
Hoggir,14500,false
Snow Spyder,20000,false
Hoovle,12900,false
Staragus,Inflation Notice,false
Mechanized Laboratory Assistant,34000,false
Wain,12800,false
Flowper,24700,false
Fleeper,12500,false
Gwalla,14800,false
Flerper,13800,false
Sutekh,12000,false
Yellow Pirakeet,11800,false
Momba,17500,false
Snow Buzzer,13500,false
Sunutek,12000,false
Zombie Farnswap,27000,false
Razumi,11300,false
Blue Pirakeet,11000,false
Cuttlebot,11000,false
Ona Water Bottle,2950,false
Taweret,12000,false
Blugar,10500,false
Huggy,10500,false
Seti,16000,false
Deluxe Blue Tower,10200,false
Bazatlan,12100,false
Charnie,10000,false
Epuni,10000,false
Filamen,10800,false
Snowager Petpet Bed,10000,false
Wibreth,10000,false
Aboogala Petpet Cushion,9900,false
Naleap,10000,false
Gumblesh,10000,false
Green Pirakeet,9750,false
Slogmok,9750,false
Drugal,11000,false
Phnard,10000,false
Scarabug Petpet Tree,9950,false
Red Pirakeet,9550,false
Powtry,10000,false
Moink,20000,false
Ultra Pinceron,13000,false
Florta,9850,false
Starry Symol Bath Tub,14500,false
Tuceet,9500,false
Dofrey,16000,false
Gangee,9400,false
Strawberry Eizzil,4750,false
Pinceron,7150,false
Rainbow Slorg Squeaky Toy,2900,false
Slugawoo,9800,false
Garfir,8800,false
Hippalop,8550,false
Spallard,8450,false
Larnikin Petpet Bed,4225,false
Primella,10000,false
Chomper,8050,false
Bloop,7450,false
Disco Petpet Bed,8000,false
Khamette,8000,false
Navibot,8000,false
Wreathy,8000,false
Ettaphant,8500,false
Haseepuss,4550,false
GX-4 Haseebot,6000,false
Mozito Petpet Bed,7700,false
Schmoonie,7800,false
Deluxe Canopy Petpet Bed,6650,false
Melton,7200,false
Marlock,7150,false
Caprior,8150,false
Disco Petpet Bath Tub,8900,false
Bubblebee,6900,false
Cloud Weewoo,4800,false
Crabula,7000,false
Kepru,6900,false
Purple Vaeolus,7000,false
Sandpoint,7100,false
Aboogala Petpet Bed,74000,false
Marbluk,6900,false
Millipod,6250,false
Djuti,7000,false
Meowclops Bed,5200,false
Eizzil,6200,false
Felly,7500,false
Soreen,7000,false
Turtum,12000,false
Whoot,6050,false
Snorkle,2700,false
Squeaky Meepit Toy,6200,false
Veespa Petpet Bed,5250,false
Disco Scratching Post,3750,false
Coconut Petpet Bath Tub,8950,false
Zomutt Petpet Tunnel,4600,false
Blurtle,10000,false
Crokabek,7000,false
Noil,8500,false
Tigermouse,6600,false
Pofew,6000000,false
Bartamus,5000000,false
Gulper,4000000,false
Birthday Faellie,3500000,false
Fleaf,3500000,false
Birthday Alabriss,3000000,false
Grey Harris,2500000,false
Halloween Doglefox,2500000,false
Flankin,2400000,false
Gremble,2000000,false
Rainbow Noil,2000000,false
Rock,2000000,false
Woolypapith,2000000,false
Birthday Plumpy,1500000,false
Black Furwitch,1500000,false
Faerie Ghostkerchief,1500000,false
Halloween Mazzew,1500000,false
Yellow Yooyu,1500000,false
Spring Slorg,1100000,false
Orange Pfish,999999,false
Plushie Rock,999999,false
Snorlkin,999999,false
Drackobunny,995000,false
Glowing Grackle Bug,995000,false
Pink Bluna,995000,false
Pink Greeble,995000,false
Pink Karren,995000,false
Pink Nuranna,995000,false
Pirate Snowbunny,995000,false
Yellow Lyins,995000,false
Spotted Ownow,990000,false
Clompkin,975000,false
Birthday Marafin,970000,false
Pink Puppyblew,945000,false
Custard Snowbunny,940000,false
Plushie Clompkin,920000,false
Pirate Kateil,915000,false
Glowing Cheerlub,850000,false
Christmas Snowickle,800000,false
Rotoblur 4000,800000,false
Royal Kadoatie,800000,false
Pwerko,790000,false
Plushie Kadoatie,785000,false
Glowing Spyder,775000,false
Orange Rashpid,740000,false
Orange Gikerot,700000,false
Christmas Kadoatie,560000,false
Christmas Staragus,500000,false
Christmas Triffin,460000,false
Zebba,455000,false
Birthday Boween,410000,false
Electric Ignalce,405000,false
Birthday Sharky,400000,false
Electric Epuni,390000,false
Christmas Bloopy,340000,false
Snow Cyodrake,340000,false
Snow Rock,298000,false
Pebble,250000,false
Bearclops,249000,false
Tyrannian Snowickle,242000,false
Tyrannian Kadoatie,238000,false
Tyrannian Snowbunny,220000,false
Purple Snowickle,215000,false
Purple Kadoatie,196000,false
Droolik,187000,false
Snow Kadoatie,150000,false
Purple Rock,148000,false
Birthday Snorkle,127000,false
Birthday Melvie,115000,false
Pink Symol,95000,false
Snicklebeast,55000,false
Christmas Rock,50000,false
Christmas Snowbunny,45000,false
Puppyblew,33500,false
Whinny,30500,false
Christmas Frowny,23000,false
Stopngo 400,17000,false
Aboogala Water Bottle,13000,false
Toy Hammock,11300,false
Bikiwan,10900,false
Hopso,9000,false
Uniocto,8500,false
Tanizard,7900,false
Hornsby,7800,false
Drackonack,7750,false
Rotawheel,7700,false
Bika,7500,false
Neucloop,7000,false
Darpinch,6000,false
Jowlard,6000,false
Peo,6000,false
Spooky Petpet Bath Tub,6000,false
Flipperbot,5900,false
Wicker Petpet Bath Tub,5900,false
Aboogala Food Bowl,5850,false
Jawshell,5800,false
Spring Magaral,5800,false
Veespa Petpet Scratching Post,5800,false
Golden Oscillabot,5750,false
Popblew,5700,false
Zytch Petpet Tunnel,5600,false
Anubis,5500,false
Bubblisaur,5500,false
Deluxe Red Treehouse,5450,false
Kimbi,5400,false
Cloud Litter Tray,5250,false
Pepito,5050,false
Albat,5000,false
Buzzler,5000,false
Horus,5000,false
Red Slorg,5000,false
Scarabug Scratching Post,5000,false
Spardel,5000,false
Turtmid,5000,false
Yellow Tube Toy,5000,false
Calabat,4975,false
Rainbow Petpet Food,4925,false
Blue Spardel Tent,4900,false
Bowla,4900,false
Breebly Petpet Bed,4850,false
Dribblet,4850,false
Indestructible Petpet Ball,4825,false
Orp,4800,false
Pfish,4800,false
Yullie,4750,false
Pink Domed Petpet Bed,4650,false
Zomutt Scratching Post,4650,false
Cubett,4600,false
Frillabon,4600,false
Veespa Petpetnip Toy,4575,false
Alabriss,4500,false
Harris,4500,false
Morkou,4500,false
Slorg,4500,false
Scout Unit,4450,false
Yellow Domed Petpet Bed,4450,false
Christmas Cofferling,4400,false
Skree,4400,false
Tasu,4300,false
Aroota,4225,false
Springabee Chew Toy,4225,false
Scarabug Feeding Bowl,4150,false
Mootix Petpet Bed,4050,false
Snow Talpidat,4050,false
Cirrus,4000,false
Green Starry Food Bowl,4000,false
Intesteen,4000,false
Lyins,4000,false
Ombat,4000,false
Quadrone,4000,false
Roaderie 1000,4000,false
Turnali,4000,false
Electric Litter Tray,3950,false
Dal,3900,false
Naalala,3900,false
Snow Kookith,3825,false
Navibot Water Bowl,3750,false
Daloop,3575,false
Chew Rope,3500,false
Flightning Bug,3500,false
Hooklen,3500,false
Wuzzer,3475,false
Sturdy Petpet Cage,3425,false
Petpet Ball,3375,false
Taigar,3375,false
Grobrin,3350,false
Tyrannian Pawkeet,3350,false
Blorpulous,3300,false
Neonip Garden,3300,false
Puzzle Treat Ball,3300,false
Uggazew,3250,false
Warf,3250,false
Blobagus,3200,false
Snuffly Blanket,3200,false
Chumablah,3100,false
Disco Play Tent,3025,false
Snorkle Food Bowl,3025,false
Alkenore,3000,false
Altalaphus,3000,false
Chatter,3000,false
Disco Petpet Bowl,3000,false
Gnar,3000,false
Royal Wadjet,3000,false
Kookith Petpet Bed,2900,false
Warf Food Bowl,2900,false
Toy Basket,2850,false
Cougi,2800,false
Nuranna,2800,false
Valteek,2800,false
Mastyxi,2775,false
Fuzzy Bone Rug,2750,false
Green Tiered Scratching Post,2750,false
Hot Dog Petpet House,2700,false
Ownow,2700,false
Psimouse,2700,false
Teek,2700,false
Rubber Yooyuball,2675,false
Blue Feather Toy,2650,false
Disco Tasu,2550,false
Snuffly Petpet Bed,2550,false
Hermiteese,2500,false
Jinjah,2500,false
Mummy Baby,2500,false
Polarchuck,2500,false
Quintilc,2500,false
Rainbow Abominable Snowball,2500,false
Tralbak,2500,false
Vacation Food Dish,2500,false
Veespa Petpet Bowl,2500,false
Wheelie,2500,false
Zomutt Food Bowl,2500,false
Glowing Petpet Bath Tub,2475,false
Spotted Play Tent,2475,false
Symol Water Bowl,2450,false
Zytch Scratching Post,2425,false
Pink Ona Grooming Kit,2400,false
Triffin Food Bowl,2400,false
Snuffly Petpet Bowl,2350,false
Food and Water Bowl Mat,2275,false
Ona Activity Center,2250,false
Narwhool,2225,false
Meturf,2200,false
Rav,2150,false
Snuffly Wind Up Toy,2150,false
Gold Frogarott,2125,false
Meekins,2125,false
Petpet Pipe Maze,2125,false
Baby Fireball,2000,false
Felf,2000,false
Garooda,2000,false
Green Petpet Sleeping Bag,2000,false
Invisible Miamouse,2000,false
Karren,2000,false
Krawk Petpet Bed,2000,false
Robocrush,2000,false
Rock Water Dish,2000,false
Tiny Giant Squid,2000,false
Christmas Crystacat,1975,false
Lizark,1975,false
Hasee,1950,false
Peadackle,1950,false
Cardboard Scratching Board,1900,false
Pink Petpet Flying Disc,1900,false
Cedar Filled Petpet Bed,1850,false
Splyke,1850,false
Christmas Pile of Soot,1800,false
Scratching Driftwood,1800,false
Snow Feepit,1800,false
Ghost Tyrowbee,1725,false
Orange Fungus Petpet Ball,1725,false
Ramosan,1700,false
Khnum,1675,false
Red Tencals,1675,false
Slymook,1675,false
Spoppy,1675,false
Brown Petpet Bed,1600,false
Kelpflake,1600,false
Selket,1575,false
Tomamu,1550,false
Kadoatie Teaser,1500,false
Multi-level Scratching Post,1500,false
Spardel Print Sleeping Bag,1500,false
Springy Pinchit Toy,1500,false
Zytch Food Bowl,1500,false
Screwtop,1475,false
Ettaphant Feeding Station,1450,false
Tyrowbee,1425,false
Kookith Push-Around,1375,false
Feepit,1350,false
Water Smiley,1350,false
Cobrall,1300,false
Beat the Blues Bathrobe,1250,false
Heated Rock,1250,false
Sludgy,1250,false
Boween,1200,false
Cofferling,1200,false
Green Petpet Bed,1200,false
Purple Ona Water Bowl,1200,false
Sproing,1200,false
Blechy Squeeze Toy,1175,false
Lady Blurg Chew Toy,1150,false
Shocket,1150,false
Basic Litter Tray,1100,false
Brick Petpet Bath Tub,1100,false
Purple Petpet Ball,1100,false
Skelly,1100,false
Slorg Bath Tub,1100,false
Striped Fuzzy Scratching Post,1025,false
Buzzer,1000,false
Christmas Arkmite,1000,false
Christmas Goy,1000,false
Hot Dog Petpet Mat,1000,false
Kazeriu,1000,false
Magaral,1000,false
Miamouse,1000,false
Mutant Petpet Food,1000,false
Pyon,1000,false
Raindorf Petpet Bed,1000,false
Slorg Feeder,1000,false
Snowy Holiday Tree for Petpets,1000,false
Snuffly,1000,false
Teasqito,1000,false
Tenna,1000,false
Urchull,1000,false
Devilpuss,990,false
Mazzew,980,false
Pikis,980,false
Hot Dog Water Bowl,960,false
Electric Petpet Condo,950,false
Wadjet,930,false
Island Yullie,910,false
Petpetpet Travel Cage,910,false
Christmas Bython,900,false
Kadoatie Food Storage,900,false
Water Goldy,870,false
Symol Exercise Ball,820,false
Raindorf,800,false
Snowickle Snacks,800,false
Walking Carpet,800,false
Nedler,790,false
Gruslen,780,false
Scarabug Petpet Bed,780,false
Sketch Tasu,780,false
Rashpid,740,false
Striped Tunnel Bed,740,false
Blue Abominable Snowball,730,false
Blue Spotted Food Bowl,730,false
Carma,730,false
Jelly Barlow,730,false
Oop,700,false
Wuzzle,700,false
Floud,690,false
Blue Spardel Bowl,680,false
Mallard,680,false
Glowing Melton,670,false
Raindorf Feeding Bowl,650,false
Spyder,650,false
Yellow and Pink Spotted Food Bowl,630,false
Albat Food Bowl,600,false
Fancy Bone Pillow,600,false
Petoot,600,false
Angelpuss,580,false
Blue Scratching Home,530,false
Crocalu,500,false
Scarabug,500,false
Bilguss,480,false
Petpet Scratching Tree,480,false
Glowing Baby Space Fungus,450,false
Rubber Mozito Bone,450,false
Slorg Habitat,450,false
Farnswap,440,false
Eventide Felly,430,false
Regal Purple Petpet Cushion,410,false
Ghostkerchief,400,false
Snarhook,400,false
Yullie Water Bottle,400,false
Zomutt Fluffy Ball,400,false
Grumblebug Water Bowl,390,false
Hot Dog Squeaky Toy,390,false
Bearog,350,false
Cybit,350,false
Elderly Darpinch,350,false
Squeaky Larnikin Toy,350,false
Hopso Igloo,340,false
Ettaphant Bouncy Ball,330,false
Mortog Water Bowl,330,false
Springy Lady Blurg Toy,320,false
Flying Moquot Toy,300,false
Lil Frankie,300,false
Turmac Bouncy Ball,300,false
Toy Tie Collar,290,false
Ghost Walein,280,false
Rainblug Chew Toy,280,false
White Walein,280,false
Fire Sharky,250,false
White Mallard,250,false
Deaver,240,false
Springy Mootix Toy,240,false
Petpet Bassinet,230,false
Springy Veespa Toy,230,false
Gingerbread Dandan Chew Toy,220,false
Symol Bouncy Ball,210,false
Abominable Snowball,200,false
Checkered Cadro,200,false
Disco Squeaky Petpet Toy,200,false
Niptor,200,false
Quadrapus,200,false
Raindorf Scratching Rug,200,false
Wintery Petpet Bed,200,false
Val,190,false
Fir,180,false
Apple Spyder,170,false
Blue Walein,170,false
Symol Sleeping Bag,170,false
Yellow Bython,160,false
Chuchuana,150,false
Disco Petpet Food,150,false
Ettaphant Petpet Bed,150,false
Melvie,150,false
Woodland Snicklebeast,150,false
Green Walein,140,false
Feepit Petpet Bath Bucket,130,false
Sandan,120,false
Squeaky Moach Toy,120,false
Woodland Yoakie,120,false
Ettaphant Petpet Tunnel,110,false
Baby Space Fungus,100,false
Fangy,100,false
Reptillior,100,false
White Ona,100,false
White Petpet Bath Tub,100,false
Wind Up Zytch,95,false
Frozen Raindorf,90,false
Snowbunny Mittens,90,false
Clay Bika,85,false
Starry Baby Space Fungus,85,false
Petpet Sled,75,false
Sparky,75,false
Bluna,70,false
Custard Aroota,70,false
Babaa,50,false
Baby Blu,50,false
Carmariller,50,false
Christmas Doglefox,50,false
Duocorn,50,false
Greeble,50,false
Leeble,50,false
Poppit,50,false
Barbat,45,false
Catamara,45,false
Wind Up Cooty,45,false
Dartail,40,false
Stego,35,false
Uggatrip,35,false
Airax,30,false
Searex,30,false
Snow Petpet Food,30,false
Fire Werhond,25,false
Nebularis,25,false
Sand Candy Vampire,25,false
Cyodrake Scratching Post,20,false
Tyrannian Gulper,20,false
Arkmite,16,false
Sklyde,15,false
Snow Slorg,15,false
Pirate Altachuck,14,false
Icklesaur,12,false
Sand Bogie,12,false
Sand Orp,12,false
Ghoti,11,false
Globilol,10,false
Tapira,10,false
Ukali,10,false
Xepru,10,false
Biyako,9,false
Donksaur,9,false
GX-4 Oscillabot,9,false
Mibblie,9,false
Altachuck,8,false
Quetzal,8,false
Scado,8,false
Symol,8,false
Lurman,7,false
Sand Chomper,7,false
Sand Jawshell,7,false
Tyrannian Blibble,7,false
Ghost Goople,5,false
Roburg 3T3,5,false
Yoakie,5,false
Fire Dofrey,4,false
Gikerot,4,false
N-4 Info Retrieval Bot,4,false
Plushie Tanizard,4,false
Royal Scarabug,4,false
Snow Anubis,4,false
Splime,4,false
Tencals,4,false
Walein,4,false
Blue Moon Petpet Bed,3,false
Griefer,3,false
Nupie,3,false
Camelior,2,false
Kora,2,false
Mimbi,2,false
Mouldy Petpet Bed,2,false
Mundo,2,false
Noak,2,false
Surzard,2,false
Dung Snuffly,1,false
Ghost Ponka,1,false
Maraquan Grackle Bug,1,false
Mutant Chuchuana,1,false
Pirate Alkenore,1,false
Pirate Baby Fireball,1,false
Pirate Charnie,1,false
Pirate Dua,1,false
Pirate Flishy,1,false
Black Alabriss,(r101),false
Black Alkenore,(r101),false
Black Babaa,(r101),false
Black Barbat,(r101),false
Black Barlow,(r101),false
Black Bartamus,(r101),false
Black Batterfly,(r101),false
Black Blugar,(r101),false
Black Blurgah,(r101),false
Black Chuchuana,(r101),false
Black Crystacat,(r101),false
Black Cyodrake,(r180),false
Black Darblat,(r101),false
Black Dartail,(r101),false
Black Doglefox,(r101),false
Black Droolik,(r101),false
Black Faellie,(r101),false
Black Gabar,(r101),false
Black Gallion,(r101),false
Black Garfir,(r101),false
Black Gathow,(r101),false
Black Ghostkerchief,(r101),false
Black Gnar,(r101),false
Black Goldy,(r180),false
Black Greeble,(r101),false
Black Gruslen,(r101),false
Black Moltenore,(r101),false
Black Momba,(r101),false
Black Morkou,(r101),false
Black Pikis,(r101),false
Black Pwerko,(r180),false
Black Quintilc,(r101),false
Black Slorg,(r101),false
Black Snuffly,(r101),false
Black Spardel,(r101),false
Black Spirkle,(r101),false
Black Trumpadon,(r180),false
Black Tyrowbee,(r101),false
Black Uniocto,(r101),false
Black Wain,(r101),false
Blorbis,(r101),false
Blue Aroota,(r101),false
Blue Baby Fireball,(r101),false
Blue Babyca,(r101),false
Blue Bartamus,(r101),false
Blue Blobagus,(r101),false
Blue Blurgah,(r101),false
Blue Bubblebee,(r101),false
Blue Buzzler,(r101),false
Blue Cadro,(r101),false
Blue Cirrus,(r101),false
Blue Cougi,(r101),false
Blue Crabula,(r101),false
Blue Cyodrake,(r180),false
Blue Dandan,(r101),false
Blue Eizzil,(r101),false
Blue Faellie,(r101),false
Blue Felly,(r101),false
Blue Flizzardo,(r180),false
Blue Floud,(r101),false
Blue Flowper,(r101),false
Blue Frowny,(r101),false
Blue Furwitch,(r180),false
Blue Gangee,(r101),false
Blue Garooda,(r101),false
Blue Gathow,(r101),false
Blue Geb,(r101),false
Blue Goulblee,(r180),false
Blue Gremble,(r180),false
Blue Gruslen,(r101),false
Blue Gulper,(r180),false
Blue Gwalla,(r101),false
Blue Hoggir,(r101),false
Blue Hoovle,(r101),false
Blue Jinjah,(r101),false
Blue Kateil,(r101),false
Blue Kimbi,(r101),false
Blue Kookith,(r101),false
Blue Krawk,(r101),false
Blue Krawkadon,(r101),false
Blue Lyins,(r101),false
Blue Marbluk,(r101),false
Blue Meekins,(r101),false
Blue Meepit,(r101),false
Blue Melton,(r101),false
Blue Meturf,(r101),false
Blue Mibblie,(r101),false
Blue Millipod,(r101),false
Blue Mortog,(r101),false
Blue Navibot,(r101),false
Blue Nedler,(r101),false
Blue Neotrak,(r101),false
Blue Noilkeet,(r101),false
Blue Ownow,(r101),false
Blue Pandaphant,(r101),false
Blue Peadackle,(r101),false
Blue Pinceron,(r101),false
Blue Pofew,(r101),false
Blue Psimouse,(r101),false
Blue Pygui,(r101),false
Blue Quintilc,(r101),false
Blue Rashpid,(r101),false
Blue Roburg 3T3,(r101),false
Blue Rock,(r101),false
Blue Rotawheel,(r101),false
Blue Sauropod,(r101),false
Blue Scamander,(r101),false
Blue Searex,(r101),false
Blue Sklyde,(r101),false
Blue Slorg,(r101),false
Blue Slorgclops,(r101),false
Blue Slugawoo,(r101),false
Blue Snarhook,(r101),false
Blue Snoogy,(r101),false
Blue Snorkle,(r101),false
Blue Snowbunny,(r180),false
Blue Spirkle,(r101),false
Blue Spyven,(r101),false
Blue Sutekh,(r101),false
Blue Taigar,(r101),false
Blue Tasu,(r101),false
Blue Tekkal,(r101),false
Blue Tencals,(r101),false
Blue Trunkard,(r101),false
Blue Turdle,(r180),false
Blue Tyrowbee,(r101),false
Blue Uggatrip,(r101),false
Blue Ukali,(r101),false
Blue Ultra Pinceron,(r101),false
Blue Urgoni,(r101),false
Blue Walking Carpet,(r101),false
Blue Wheelie,(r101),false
Blue Yooyu,(r101),false
Blue Zebie,(r101),false
Blue Zumagorn,(r101),false
Brown Kadoatie,(r101),false
Brown Krawk,(r101),false
Brown Snowbunny,(r180),false
Brown Zomutt,(r101),false
Checkered Flosset,(r101),false
Checkered Pandaphant,(r101),false
Checkered Zebba,(r101),false
Christmas Babith,(r101),false
Christmas Feloreena,(r101),false
Christmas Frogarott,(r180),false
Christmas Icklesaur,(r101),false
Christmas Khonsu,(r101),false
Christmas Minitheus,(r101),false
Christmas Pandaphant,(r101),false
Christmas Patamoose,(r101),false
Christmas Splyke,(r101),false
Christmas Zebie,(r101),false
Christmas Zumagorn,(r101),false
Clay Blobikins,(r101),false
Clay Flizzardo,(r180),false
Cloud Babith,(r101),false
Cloud Drackobunny,(r101),false
Cloud Kadoatie,(r101),false
Cloud Khonsu,(r101),false
Cloud Krawk,(r101),false
Cloud Zebie,(r101),false
Custard Geb,(r101),false
Custard Goldy,(r180),false
Custard Moltenore,(r101),false
Custard Rock,(r101),false
Custard Zebie,(r101),false
Darigan Avabot,(r101),false
Darigan Beekadoodle,(r101),false
Darigan Bowla,(r101),false
Darigan Buzzer,(r101),false
Darigan Cirrus,(r101),false
Darigan Drackobunny,(r101),false
Darigan Faellie,(r101),false
Darigan Flosset,(r101),false
Darigan Gallion,(r101),false
Darigan Gangee,(r101),false
Darigan Garooda,(r101),false
Darigan Hasee,(r101),false
Darigan Hippalop,(r101),false
Darigan Kimbi,(r101),false
Darigan Krawk,(r101),false
Darigan Mallard,(r101),false
Darigan Mauket,(r101),false
Darigan Mazzew,(r101),false
Darigan Meepit,(r101),false
Darigan Meowclops,(r101),false
Darigan Miamouse,(r101),false
Darigan Minitheus,(r101),false
Darigan Pepito,(r101),false
Darigan Phnard,(r101),false
Darigan Raindorf,(r101),false
Darigan Skree,(r101),false
Darigan Snuffly,(r101),false
Darigan Symol,(r101),false
Darigan Tigermouse,(r101),false
Darigan Trunkard,(r101),false
Darigan Ukali,(r101),false
Darigan Uniocto,(r101),false
Darigan Vacana,(r101),false
Darigan Weewoo,(r101),false
Darigan Zomutt,(r101),false
Desert Abominable Snowball,(r101),false
Desert Airax,(r101),false
Desert Albat,(r101),false
Desert Babaa,(r101),false
Desert Bartamus,(r101),false
Desert Droolik,(r101),false
Desert Eizzil,(r101),false
Desert Gallion,(r101),false
Desert Harris,(r101),false
Desert Icklesaur,(r101),false
Desert Kookith,(r101),false
Desert Krawk,(r101),false
Desert Pwerko,(r101),false
Desert Turmac,(r101),false
Desert Warf,(r101),false
Disco Acko,(r101),false
Disco Anubis,(r101),false
Disco Babaa,(r101),false
Disco Bartamus,(r101),false
Disco Dandan,(r101),false
Disco Darblat,(r101),false
Disco Feepit,(r101),false
Disco Frowny,(r101),false
Disco Garooda,(r101),false
Disco Geb,(r101),false
Disco Kadoatie,(r101),false
Disco Kookith,(r101),false
Disco Krawk,(r101),false
Disco Lil Frankie,(r101),false
Disco Meepit,(r101),false
Disco Ona,(r101),false
Disco Patamoose,(r101),false
Disco Pygui,(r101),false
Disco Schnelly,(r101),false
Disco Slorg,(r101),false
Disco Spyder,(r101),false
Disco Teemyte,(r101),false
Disco Turtum,(r101),false
Disco Weewoo,(r101),false
Disco Whinny,(r101),false
Dragoyle Petpet Bowl,(r101),false
Dung Bartamus,(r101),false
Dung Bubbles,(r180),false
Dung Geb,(r101),false
Dung Khonsu,(r101),false
Dung Turdle,(r101),false
Dung Vullard,(r101),false
Elderly Babaa,(r101),false
Elderly Gathow,(r101),false
Elderly Juma,(r101),false
Elderly Mallard,(r101),false
Elderly Mortog,(r101),false
Elderly Slorg,(r101),false
Elderly Symol,(r101),false
Electric Krawk,(r101),false
Electric Snorlkin,(r101),false
Eventide Bartamus,(r101),false
Eventide Carmariller,(r101),false
Eventide Cobrall,(r101),false
Eventide Dragoyle,(r101),false
Eventide Ignalce,(r101),false
Eventide Mauket,(r101),false
Eventide Muyang,(r101),false
Eventide Naleap,(r101),false
Eventide Orbulon,(r101),false
Eventide Slorg,(r101),false
Eventide Symol,(r101),false
Eventide Turdle,(r101),false
Eventide Wain,(r101),false
Eventide Walking Carpet,(r101),false
Faerie Abominable Snowball,(r101),false
Faerie Alabriss,(r101),false
Faerie Alkenore,(r101),false
Faerie Altachuck,(r101),false
Faerie Apis,(r101),false
Faerie Avabot,(r101),false
Faerie Babith,(r101),false
Faerie Baby Blu,(r101),false
Faerie Baby Space Fungus,(r101),false
Faerie Babyca,(r101),false
Faerie Barlow,(r101),false
Faerie Bartamus,(r101),false
Faerie Belonthiss,(r101),false
Faerie Blibble,(r101),false
Faerie Bloop,(r101),false
Faerie Blugar,(r101),false
Faerie Blurtle,(r101),false
Faerie Bowla,(r101),false
Faerie Cadro,(r101),false
Faerie Catamara,(r101),false
Faerie Chumablah,(r101),false
Faerie Clompkin,(r180),false
Faerie Cobrall,(r101),false
Faerie Cougi,(r101),false
Faerie Crabula,(r101),false
Faerie Cybit,(r101),false
Faerie Dandan,(r101),false
Faerie Darblat,(r101),false
Faerie Dartail,(r101),false
Faerie Djuti,(r101),false
Faerie Dofrey,(r101),false
Faerie Drackonack,(r101),false
Faerie Dragoyle,(r101),false
Faerie Dribblet,(r101),false
Faerie Drugal,(r101),false
Faerie Erisim,(r101),false
Faerie Fangy,(r101),false
Faerie Feloreena,(r101),false
Faerie Flerper,(r101),false
Faerie Flishy,(r101),false
Faerie Florta,(r101),false
Faerie Fungree,(r101),false
Faerie Ganuthor,(r101),false
Faerie Garooda,(r101),false
Faerie Gathow,(r101),false
Faerie Geb,(r101),false
Faerie Ghoti,(r101),false
Faerie Gobbler,(r101),false
Faerie Goople,(r101),false
Faerie Grackle Bug,(r101),false
Faerie Graglop,(r101),false
Faerie Greeble,(r101),false
Faerie Griefer,(r101),false
Faerie Gumblesh,(r101),false
Faerie GX-4 Oscillabot,(r101),false
Faerie Hasee,(r101),false
Faerie Hegelob,(r101),false
Faerie Hermiteese,(r101),false
Faerie Hoovle,(r101),false
Faerie Hopso,(r101),false
Faerie Hydruplit,(r101),false
Faerie Ignalce,(r101),false
Faerie Intesteen,(r101),false
Faerie Juma,(r101),false
Faerie Kepru,(r101),false
Faerie Krawk,(r101),false
Faerie Lizark,(r101),false
Faerie Mallard,(r101),false
Faerie Manjeer,(r101),false
Faerie Mastyxi,(r101),false
Faerie Mauket,(r101),false
Faerie Meepit,(r101),false
Faerie Melvie,(r101),false
Faerie Millipod,(r101),false
Faerie Mimbi,(r101),false
Faerie Minitheus,(r101),false
Faerie Moltenore,(r101),false
Faerie Morkou,(r101),false
Faerie Naleap,(r101),false
Faerie Navibot,(r101),false
Faerie Noilkeet,(r101),false
Faerie Nuranna,(r101),false
Faerie Ombat,(r101),false
Faerie Orbulon,(r101),false
Faerie Ownow,(r101),false
Faerie Pandaphant,(r101),false
Faerie Peo,(r101),false
Faerie Pfish,(r101),false
Faerie Pofew,(r101),false
Faerie Ponka,(r101),false
Faerie Poppit,(r101),false
Faerie Primella,(r101),false
Faerie Pwerko,(r180),false
Faerie Raindorf,(r101),false
Faerie Razumi,(r101),false
Faerie Robocrush,(r101),false
Faerie Rock,(r101),false
Faerie Sauropod,(r101),false
Faerie Scado,(r101),false
Faerie Scamander,(r101),false
Faerie Schmoonie,(r101),false
Faerie Schnelly,(r101),false
Faerie Searex,(r101),false
Faerie Selket,(r101),false
Faerie Seti,(r101),false
Faerie Sharky,(r101),false
Faerie Sklyde,(r101),false
Faerie Slogmok,(r101),false
Faerie Snowickle,(r101),false
Faerie Snuffly,(r101),false
Faerie Spardel,(r101),false
Faerie Splime,(r101),false
Faerie Stahkee,(r101),false
Faerie Staragus,(r101),false
Faerie Swabby,(r101),false
Faerie Symol,(r101),false
Faerie Tanizard,(r101),false
Faerie Tapira,(r101),false
Faerie Teemyte,(r101),false
Faerie Tenna,(r101),false
Faerie Tomamu,(r101),false
Faerie Tootum,(r101),false
Faerie Trunkard,(r101),false
Faerie Turmac,(r101),false
Faerie Tyrowbee,(r101),false
Faerie Uniocto,(r101),false
Faerie Urchull,(r101),false
Faerie Vacana,(r101),false
Faerie Vacumatic 9000,(r101),false
Faerie Walein,(r101),false
Faerie Walking Carpet,(r101),false
Faerie Weewoo,(r101),false
Faerie Werhond,(r101),false
Faerie Wherfy,(r101),false
Faerie Whoot,(r101),false
Faerie Wibreth,(r101),false
Faerie Yooyu,(r101),false
Faerie Yullie,(r101),false
Faerie Zomutt,(r101),false
Fire Babith,(r101),false
Fire Cadro,(r101),false
Fire Cyodrake,(r180),false
Fire Droolik,(r101),false
Fire Feloreena,(r101),false
Fire Goldy,(r180),false
Fire Gulper,(r180),false
Fire Meepit,(r101),false
Fire Minitheus,(r101),false
Fire Rock,(r101),false
Fire Short Fuse,(r101),false
Fire Snorlkin,(r180),false
Fire Snowickle,(r101),false
Fire Zebie,(r101),false
Flippy,(r180),false
Ghost Babith,(r101),false
Ghost Bartamus,(r101),false
Ghost Clompkin,(r180),false
Ghost Crabby,(r101),false
Ghost Cyodrake,(r180),false
Ghost Goldy,(r180),false
Ghost Gremble,(r180),false
Ghost Kadoatie,(r101),false
Ghost Krawk,(r101),false
Ghost Meepit,(r101),false
Ghost Meowclops,(r180),false
Ghost Pickulsaur,(r101),false
Ghost Sharky,(r180),false
Ghost Snowbunny,(r180),false
Ghost Snowickle,(r101),false
Ghost Woolypapith,(r101),false
Glowing Cadro,(r101),false
Glowing Kadoatie,(r101),false
Glowing Moltenore,(r101),false
Glowing Rock,(r101),false
Glowing Zebie,(r101),false
Glowing Zumagorn,(r101),false
Green Babith,(r101),false
Green Bartamus,(r101),false
Green Beekadoodle,(r101),false
Green Cadro,(r101),false
Green Cyodrake,(r180),false
Green Drackobunny,(r101),false
Green Dua,(r101),false
Green Flosset,(r101),false
Green Frowny,(r101),false
Green Gathow,(r101),false
Green Geb,(r101),false
Green Goulblee,(r180),false
Green Gremble,(r180),false
Green GX-4 Oscillabot,(r101),false
Green Hoovle,(r101),false
Green Kadoatie,(r101),false
Green Khonsu,(r101),false
Green Marbluk,(r101),false
Green Meepit,(r101),false
Green Moltenore,(r101),false
Green Pandaphant,(r101),false
Green Pofew,(r101),false
Green Roburg 3T3,(r101),false
Green Rock,(r101),false
Green Sauropod,(r101),false
Green Sharky,(r101),false
Green Snowbunny,(r180),false
Green Snowickle,(r101),false
Green Spirkle,(r101),false
Green Tekkal,(r101),false
Green Tencals,(r101),false
Green Turdle,(r180),false
Green Yooyu,(r101),false
Green Zumagorn,(r101),false
Grey Anubis,(r101),false
Grey Arkmite,(r101),false
Grey Avabot,(r101),false
Grey Blobagus,(r101),false
Grey Bloop,(r101),false
Grey Bluna,(r101),false
Grey Buzzer,(r101),false
Grey Cadro,(r101),false
Grey Camelior,(r101),false
Grey Catamara,(r101),false
Grey Chumablah,(r101),false
Grey Crokabek,(r101),false
Grey Cyodrake,(r180),false
Grey Dandan,(r101),false
Grey Drackonack,(r101),false
Grey Dua,(r101),false
Grey Feepit,(r101),false
Grey Feloreena,(r101),false
Grey Filamen,(r101),false
Grey Fir,(r101),false
Grey Gangee,(r101),false
Grey Ghostkerchief,(r101),false
Grey Ghostkerfish,(r101),false
Grey Gobbler,(r101),false
Grey Goldy,(r101),false
Grey Gruslen,(r101),false
Grey Gulper,(r101),false
Grey Gwalla,(r101),false
Grey Gwortz,(r101),false
Grey GX-4 Oscillabot,(r101),false
Grey Kookith,(r101),false
Grey Krawk,(r101),false
Grey Meepit,(r101),false
Grey Meturf,(r101),false
Grey Millipod,(r101),false
Grey Naalala,(r101),false
Grey Pawkeet,(r101),false
Grey Plumpy,(r101),false
Grey Raindorf,(r101),false
Grey Roburg 3T3,(r101),false
Grey Schnelly,(r101),false
Grey Slorg,(r101),false
Grey Snorkle,(r101),false
Grey Splyke,(r101),false
Grey Spyder,(r101),false
Grey Symol,(r101),false
Grey Tapira,(r101),false
Grey Tenna,(r101),false
Grey Trunkard,(r101),false
Grey Ultra Pinceron,(r101),false
Grey Vacana,(r101),false
Grey Vullard,(r101),false
Grey Warf,(r101),false
Grey Wherfy,(r101),false
Grey Whinny,(r101),false
Grey Woolypapith,(r101),false
Gulpfir,(r101),false
Halloween Apis,(r101),false
Halloween Baby Blu,(r101),false
Halloween Blooky,(r101),false
Halloween Blugar,(r101),false
Halloween Buzzer,(r101),false
Halloween Cobrall,(r101),false
Halloween Dandan,(r101),false
Halloween Deaver,(r101),false
Halloween Dofrey,(r101),false
Halloween Eizzil,(r101),false
Halloween Farnswap,(r101),false
Halloween Felly,(r101),false
Halloween Fungree,(r180),false
Halloween Gallion,(r101),false
Halloween Geb,(r101),false
Halloween Greeble,(r101),false
Halloween Harris,(r101),false
Halloween Hasee,(r101),false
Halloween Hippalop,(r101),false
Halloween Huggy,(r101),false
Halloween Jinjah,(r101),false
Halloween Kadoatie,(r101),false
Halloween Kookith,(r101),false
Halloween Krawk,(r101),false
Halloween Lizark,(r101),false
Halloween Mauket,(r101),false
Halloween Meepit,(r101),false
Halloween Meowclops,(r180),false
Halloween Mortog,(r101),false
Halloween Navibot,(r101),false
Halloween Noak,(r101),false
Halloween Noil,(r101),false
Halloween Nuk,(r101),false
Halloween Ombat,(r101),false
Halloween Ona,(r101),false
Halloween Patamoose,(r101),false
Halloween Pfish,(r101),false
Halloween Pinklet,(r101),false
Halloween Polarchuck,(r101),false
Halloween Screal,(r101),false
Halloween Seece,(r101),false
Halloween Seti,(r101),false
Halloween Slorg,(r101),false
Halloween Snicklebeast,(r101),false
Halloween Snorkle,(r101),false
Halloween Snowbunny,(r180),false
Halloween Splyke,(r101),false
Halloween Swabby,(r101),false
Halloween Symol,(r101),false
Halloween Tapira,(r101),false
Halloween Teemyte,(r101),false
Halloween Tenna,(r101),false
Halloween Triffin,(r101),false
Halloween Vullard,(r101),false
Halloween Warf,(r101),false
Holiday Petpet Bed,(r101),false
Invisible Gulper,(r180),false
Invisible Turmac,(r101),false
Island Acko,(r101),false
Island Angelpuss,(r101),false
Island Arkmite,(r101),false
Island Babaa,(r101),false
Island Baby Blu,(r101),false
Island Bearog,(r101),false
Island Blooky,(r101),false
Island Bloop,(r101),false
Island Buzzer,(r101),false
Island Carmariller,(r101),false
Island Cyodrake,(r180),false
Island Dofrey,(r101),false
Island Eizzil,(r101),false
Island Faellie,(r101),false
Island Feepit,(r101),false
Island Flerper,(r101),false
Island Flishy,(r101),false
Island Gallion,(r101),false
Island Geb,(r101),false
Island Ghostkerchief,(r101),false
Island Goople,(r101),false
Island Graglop,(r101),false
Island Gwalla,(r101),false
Island Hasee,(r101),false
Island Kadoatie,(r101),false
Island Kateil,(r101),false
Island Kimbi,(r101),false
Island Krawkadon,(r101),false
Island Magaral,(r101),false
Island Magmut,(r101),false
Island Mauket,(r101),false
Island Mazzew,(r101),false
Island Meepit,(r101),false
Island Miamouse,(r101),false
Island Millipod,(r101),false
Island Mimbi,(r101),false
Island Naalala,(r101),false
Island Niptor,(r101),false
Island Noil,(r101),false
Island Ona,(r101),false
Island Peo,(r101),false
Island Plathydon,(r101),false
Island Polarchuck,(r101),false
Island Psimouse,(r101),false
Island Quadrapus,(r101),false
Island Raindorf,(r101),false
Island Sandan,(r101),false
Island Sauropod,(r101),false
Island Sklyde,(r101),false
Island Slorg,(r101),false
Island Slugawoo,(r101),false
Island Snorkle,(r101),false
Island Snowbunny,(r180),false
Island Snowickle,(r101),false
Island Snuffly,(r101),false
Island Spardel,(r101),false
Island Stopngo 400,(r101),false
Island Symol,(r101),false
Island Taweret,(r101),false
Island Tenna,(r101),false
Island Turdle,(r180),false
Island Turmac,(r101),false
Island Turtmid,(r101),false
Island Turtum,(r101),false
Island Uniocto,(r101),false
Island Vaeolus,(r101),false
Island Warf,(r101),false
Island Whinny,(r101),false
Island Wibreth,(r101),false
Island Yooyu,(r101),false
Island Zebba,(r101),false
King Skarls Snowbunny,(r101),false
Magma Bartamus,(r101),false
Magma Garooda,(r101),false
Magma Gwortz,(r101),false
Maractite Babith,(r101),false
Maractite Bartamus,(r101),false
Maractite Blobikins,(r101),false
Maractite Cyodrake,(r101),false
Maractite Patamoose,(r101),false
Maractite Quilin,(r101),false
Maractite Vullard,(r101),false
Marafin,(r101),false
Maraquan Babyca,(r101),false
Maraquan Geb,(r101),false
Maraquan Kadoatie,(r101),false
Maraquan Pofew,(r101),false
Maraquan Rock,(r101),false
Maraquan Snowbunny,(r101),false
Maraquan Snowickle,(r101),false
Moltenna,(r101),false
Mutant Alkenore,(r101),false
Mutant Altachuck,(r101),false
Mutant Angelpuss,(r101),false
Mutant Anubis,(r101),false
Mutant Apis,(r101),false
Mutant Aroota,(r101),false
Mutant Babaa,(r101),false
Mutant Babyca,(r101),false
Mutant Barlow,(r101),false
Mutant Bartamus,(r101),false
Mutant Batterfly,(r101),false
Mutant Bearog,(r101),false
Mutant Beekadoodle,(r101),false
Mutant Belonthiss,(r101),false
Mutant Bika,(r101),false
Mutant Bloopy,(r101),false
Mutant Blurtle,(r101),false
Mutant Bogie,(r101),false
Mutant Boween,(r101),false
Mutant Bubblebee,(r101),false
Mutant Bubbles,(r180),false
Mutant Buzzer,(r101),false
Mutant Cadro,(r101),false
Mutant Candychan,(r101),false
Mutant Clompkin,(r180),false
Mutant Cobrall,(r101),false
Mutant Crabula,(r101),false
Mutant Crokabek,(r101),false
Mutant Cubett,(r101),false
Mutant Cyodrake,(r180),false
Mutant Delfin,(r101),false
Mutant Doglefox,(r101),false
Mutant Dragoyle,(r101),false
Mutant Dribblet,(r101),false
Mutant Epuni,(r101),false
Mutant Faellie,(r101),false
Mutant Feepit,(r101),false
Mutant Felly,(r101),false
Mutant Feloreena,(r101),false
Mutant Fir,(r101),false
Mutant Flowper,(r101),false
Mutant Frowny,(r101),false
Mutant Gallion,(r101),false
Mutant Gangee,(r101),false
Mutant Ghostkerchief,(r101),false
Mutant Goople,(r101),false
Mutant Greeble,(r101),false
Mutant Gruslen,(r101),false
Mutant Gulper,(r180),false
Mutant Gwalla,(r101),false
Mutant Gwortz,(r101),false
Mutant Harris,(r101),false
Mutant Hasee,(r101),false
Mutant Hippalop,(r101),false
Mutant Hornsby,(r101),false
Mutant Intesteen,(r101),false
Mutant Kadoatie,(r101),false
Mutant Kookith,(r101),false
Mutant Krawk,(r101),false
Mutant Krawkadon,(r101),false
Mutant Leeble,(r101),false
Mutant Lizark,(r101),false
Mutant Mazzew,(r101),false
Mutant Meekins,(r101),false
Mutant Meepit,(r101),false
Mutant Miamouse,(r101),false
Mutant Minitheus,(r101),false
Mutant Mortog,(r101),false
Mutant Naalala,(r101),false
Mutant Nedler,(r101),false
Mutant Noil,(r101),false
Mutant Ona,(r101),false
Mutant Pandaphant,(r101),false
Mutant Pawkeet,(r101),false
Mutant Peadackle,(r101),false
Mutant Peo,(r101),false
Mutant Plathydon,(r101),false
Mutant Polarchuck,(r101),false
Mutant Psimouse,(r101),false
Mutant Puppyblew,(r101),false
Mutant Quetzal,(r101),false
Mutant Raindorf,(r101),false
Mutant Rock,(r101),false
Mutant Selket,(r101),false
Mutant Slogmok,(r101),false
Mutant Slorg,(r101),false
Mutant Slorgclops,(r101),false
Mutant Slugawoo,(r101),false
Mutant Snarhook,(r101),false
Mutant Snorkle,(r101),false
Mutant Snowickle,(r101),false
Mutant Snuffly,(r101),false
Mutant Soreen,(r101),false
Mutant Spardel,(r101),false
Mutant Spyder,(r101),false
Mutant Swabby,(r101),false
Mutant Symol,(r101),false
Mutant Tasu,(r101),false
Mutant Tenna,(r101),false
Mutant Triffin,(r101),false
Mutant Turdle,(r180),false
Mutant Turmac,(r101),false
Mutant Uniocto,(r101),false
Mutant Urchull,(r101),false
Mutant Urgoni,(r101),false
Mutant Vacana,(r101),false
Mutant Walein,(r101),false
Mutant Walking Carpet,(r101),false
Mutant Warf,(r101),false
Mutant Weewoo,(r101),false
Mutant Werhond,(r101),false
Mutant Whoot,(r101),false
Mutant Xepru,(r101),false
Mutant Yooyu,(r101),false
Mutant Yullie,(r101),false
Mutant Zebba,(r101),false
Mutant Zomutt,(r101),false
Orange Frowny,(r101),false
Orange Gulper,(r180),false
Orange Krawk,(r101),false
Orange Mortog,(r101),false
Orange Patamoose,(r101),false
Orange Rock,(r101),false
Orange Snowickle,(r101),false
Peedleedoo,(r101),false
Pickulsaur,(r180),false
Pink Acko,(r101),false
Pink Airax,(r101),false
Pink Albat,(r101),false
Pink Alkenore,(r101),false
Pink Altachuck,(r101),false
Pink Baby Fireball,(r101),false
Pink Barbat,(r101),false
Pink Bartamus,(r101),false
Pink Bearog,(r101),false
Pink Beekadoodle,(r101),false
Pink Bika,(r101),false
Pink Bloop,(r101),false
Pink Blugar,(r101),false
Pink Bowla,(r101),false
Pink Buzzer,(r101),false
Pink Cadro,(r101),false
Pink Cheerlub,(r101),false
Pink Chuchuana,(r101),false
Pink Cobrall,(r101),false
Pink Crokabek,(r101),false
Pink Cuttlebot,(r101),false
Pink Cyodrake,(r180),false
Pink Darpinch,(r101),false
Pink Dartail,(r101),false
Pink Delfin,(r101),false
Pink Doglefox,(r101),false
Pink Donksaur,(r101),false
Pink Drackonack,(r101),false
Pink Dragoyle,(r101),false
Pink Droolik,(r101),false
Pink Drugal,(r101),false
Pink Dua,(r101),false
Pink Ettaphant,(r101),false
Pink Faellie,(r101),false
Pink Fangy,(r101),false
Pink Feepit,(r101),false
Pink Gallion,(r101),false
Pink Garooda,(r101),false
Pink Geb,(r101),false
Pink Ghostkerchief,(r101),false
Pink Gobbler,(r101),false
Pink Gremble,(r180),false
Pink Grobrin,(r101),false
Pink Gruslen,(r101),false
Pink Gulper,(r180),false
Pink Gwalla,(r101),false
Pink GX-4 Oscillabot,(r101),false
Pink Harris,(r101),false
Pink Hornsby,(r101),false
Pink Intesteen,(r101),false
Pink Kadoatie,(r101),false
Pink Kimbi,(r101),false
Pink Kookith,(r101),false
Pink Krawk,(r101),false
Pink Lutra,(r101),false
Pink Mallard,(r101),false
Pink Marbluk,(r101),false
Pink Mazzew,(r101),false
Pink Meturf,(r101),false
Pink Miamouse,(r101),false
Pink Mirgle,(r101),false
Pink N-4 Info Retrieval Bot,(r101),false
Pink Navibot,(r101),false
Pink Niptor,(r101),false
Pink Noilkeet,(r101),false
Pink Pawkeet,(r101),false
Pink Peadackle,(r101),false
Pink Pfish,(r101),false
Pink Polarchuck,(r101),false
Pink Quadrapus,(r101),false
Pink Reptillior,(r101),false
Pink Rock,(r101),false
Pink Scamander,(r101),false
Pink Scarabug,(r101),false
Pink Sklyde,(r101),false
Pink Sludgy,(r101),false
Pink Snoogy,(r101),false
Pink Snorlkin,(r180),false
Pink Snowickle,(r101),false
Pink Snuffly,(r101),false
Pink Spardel,(r101),false
Pink Spyder,(r101),false
Pink Stopngo 400,(r101),false
Pink Swabby,(r101),false
Pink Tanizard,(r101),false
Pink Tasu,(r101),false
Pink Teemyte,(r101),false
Pink Tekkal,(r101),false
Pink Tralbak,(r101),false
Pink Trunkard,(r101),false
Pink Turdle,(r180),false
Pink Turtum,(r101),false
Pink Ultra Pinceron,(r101),false
Pink Uniocto,(r101),false
Pink Vaeolus,(r101),false
Pink Vullard,(r101),false
Pink Walking Carpet,(r101),false
Pink Warf,(r101),false
Pink Weewoo,(r101),false
Pink Wheelie,(r101),false
Pink Whinny,(r101),false
Pink Wreathy,(r101),false
Pirate Bartamus,(r101),false
Pirate Kadoatie,(r101),false
Pirate Krawk,(r101),false
Pirate Marafin,(r101),false
Pirate Meepit,(r101),false
Pirate Rock,(r101),false
Pirate Tigermouse,(r101),false
Pirate Trumpadon,(r180),false
Pirate Vullard,(r101),false
Pirate Woolypapith,(r101),false
Pirate Zomutt,(r101),false
Plushie Bartamus,(r101),false
Plushie Cadro,(r101),false
Plushie Goldy,(r180),false
Plushie Krawk,(r101),false
Plushie Pandaphant,(r101),false
Plushie Pygui,(r101),false
Plushie Schnelly,(r101),false
Plushie Turmac,(r101),false
Plushie Vullard,(r101),false
Plushie Zebie,(r101),false
Pooka,(r180),false
Purple Feloreena,(r101),false
Purple Frowny,(r101),false
Purple Furwitch,(r180),false
Purple Trumpadon,(r180),false
Purple Turdle,(r180),false
Pygui,(r101),false
Quilin,(r99),false
Rainbow Alabriss,(r101),false
Rainbow Albat,(r101),false
Rainbow Alkenore,(r101),false
Rainbow Anubis,(r101),false
Rainbow Babaa,(r101),false
Rainbow Baby Blu,(r101),false
Rainbow Baby Space Fungus,(r101),false
Rainbow Babyca,(r101),false
Rainbow Bartamus,(r101),false
Rainbow Boween,(r101),false
Rainbow Bubbles,(r180),false
Rainbow Candychan,(r101),false
Rainbow Carmariller,(r101),false
Rainbow Cyodrake,(r180),false
Rainbow Doglefox,(r101),false
Rainbow Dragoyle,(r101),false
Rainbow Drugal,(r101),false
Rainbow Erisim,(r101),false
Rainbow Ettaphant,(r101),false
Rainbow Faellie,(r101),false
Rainbow Felly,(r101),false
Rainbow Gallion,(r101),false
Rainbow Gangee,(r101),false
Rainbow Gobbler,(r101),false
Rainbow Greeble,(r101),false
Rainbow Gruslen,(r101),false
Rainbow Harris,(r101),false
Rainbow Hermiteese,(r101),false
Rainbow Kadoatie,(r101),false
Rainbow Kookith,(r101),false
Rainbow Krawk,(r101),false
Rainbow Lizark,(r101),false
Rainbow Magaral,(r101),false
Rainbow Mazzew,(r101),false
Rainbow Meekins,(r101),false
Rainbow Moltenore,(r101),false
Rainbow Ombat,(r101),false
Rainbow Pikis,(r101),false
Rainbow Pygui,(r101),false
Rainbow Reptillior,(r101),false
Rainbow Sauropod,(r101),false
Rainbow Sklyde,(r101),false
Rainbow Slorg,(r101),false
Rainbow Slorgclops,(r101),false
Rainbow Snorkle,(r101),false
Rainbow Snorlkin,(r180),false
Rainbow Snowbunny,(r180),false
Rainbow Snowickle,(r101),false
Rainbow Spardel,(r101),false
Rainbow Spyder,(r101),false
Rainbow Symol,(r101),false
Rainbow Teemyte,(r101),false
Rainbow Tigermouse,(r101),false
Rainbow Trunkard,(r101),false
Rainbow Turdle,(r101),false
Rainbow Turmac,(r101),false
Rainbow Turtum,(r101),false
Rainbow Tyrowbee,(r101),false
Rainbow Uniocto,(r101),false
Rainbow Wadjet,(r101),false
Rainbow Warf,(r101),false
Rainbow Weewoo,(r101),false
Rainbow Yooyu,(r101),false
Red Alkenore,(r101),false
Red Bartamus,(r101),false
Red Beekadoodle,(r101),false
Red Bowla,(r101),false
Red Cadro,(r101),false
Red Carmariller,(r101),false
Red Cirrus,(r101),false
Red Cyodrake,(r180),false
Red Drackobunny,(r101),false
Red Drugal,(r101),false
Red Flerper,(r101),false
Red Flizzardo,(r180),false
Red Frowny,(r101),false
Red Furwitch,(r180),false
Red Garooda,(r101),false
Red Greeble,(r101),false
Red Gremble,(r180),false
Red Kadoatie,(r101),false
Red Karren,(r101),false
Red Kazeriu,(r101),false
Red Khonsu,(r101),false
Red Krawk,(r101),false
Red Meepit,(r101),false
Red Meowclops,(r180),false
Red Mibblie,(r101),false
Red Millipod,(r101),false
Red Minitheus,(r101),false
Red Mortog,(r101),false
Red Nuranna,(r101),false
Red Psimouse,(r101),false
Red Quadrone,(r101),false
Red Sharky,(r101),false
Red Slorgclops,(r101),false
Red Snorlkin,(r180),false
Red Snowickle,(r101),false
Red Tekkal,(r101),false
Red Turmac,(r101),false
Red Tyrowbee,(r101),false
Red Yooyu,(r101),false
Red Zebie,(r101),false
Robot Bubbles,(r180),false
Robot Cyodrake,(r180),false
Robot Fungree,(r180),false
Robot Gallion,(r101),false
Robot Hopso,(r101),false
Robot Kadoatie,(r101),false
Robot Krawk,(r101),false
Robot Meepit,(r101),false
Robot Naleap,(r101),false
Robot Pandaphant,(r101),false
Robot Plathydon,(r101),false
Robot Sklyde,(r101),false
Robot Snowickle,(r101),false
Robot Spirkle,(r101),false
Robot Turdle,(r180),false
Robot Wain,(r101),false
Robot Yooyu,(r101),false
Robot Zomutt,(r101),false
Royal Bartamus,(r101),false
Royal Feloreena,(r101),false
Royal Flosset,(r101),false
Royal Meepit,(r101),false
Royal Pandaphant,(r101),false
Royal Vullard,(r101),false
Royal Zebie,(r101),false
Sketch Snowickle,(r101),false
Sketch Turdle,(r180),false
Sketch Woolypapith,(r101),false
Smiley,(r180),false
Sniffly,(r101),false
Snow Cadro,(r101),false
Snow Gathow,(r101),false
Snow Geb,(r101),false
Snow Gremble,(r180),false
Snow Khonsu,(r101),false
Snow Moltenore,(r101),false
Snow Turdle,(r180),false
Snow Yooyu,(r101),false
Snow Zebie,(r101),false
Snow Zomutt,(r101),false
Spoppy II,(r101),false
Spoppy III,(r175),false
Spotted Kadoatie,(r101),false
Spotted Khonsu,(r101),false
Spotted Meowclops,(r180),false
Spotted Moltenore,(r101),false
Spotted Rock,(r101),false
Spring Apis,(r101),false
Spring Pawkeet,(r101),false
Spring Powtry,(r101),false
Spring Snowbunny,(r101),false
Spring Symol,(r101),false
Spring Triffin,(r101),false
Starry Droolik,(r101),false
Starry Frowny,(r101),false
Starry Krawk,(r101),false
Starry Meepit,(r101),false
Starry Meowclops,(r180),false
Starry Pwerko,(r180),false
Starry Snowbunny,(r101),false
Stealthy Angelpuss,(r101),false
Stealthy Cobrall,(r101),false
Stealthy Erisim,(r101),false
Stealthy Feepit,(r101),false
Stealthy Ghostkerchief,(r101),false
Stealthy Goldy,(r101),false
Stealthy Gwalla,(r101),false
Stealthy Jowlard,(r101),false
Stealthy Magtile,(r101),false
Stealthy Mazzew,(r101),false
Stealthy Meepit,(r101),false
Stealthy Miamouse,(r101),false
Stealthy Muyang,(r101),false
Stealthy Noak,(r101),false
Stealthy Rock,(r101),false
Stealthy Schmoonie,(r101),false
Stealthy Slorg,(r101),false
Stealthy Symol,(r101),false
Stealthy Wherfy,(r101),false
Symol Petpet Bed,(r101),false
Tyrannian Blorbis,(r101),false
Tyrannian Feloreena,(r101),false
Tyrannian Gathow,(r101),false
Tyrannian Pandaphant,(r101),false
Tyrannian Pickulsaur,(r101),false
Tyrannian Schnelly,(r101),false
Tyrannian Yooyu,(r101),false
Tyrannian Zebie,(r101),false
Valentine Acko,(r101),false
Valentine Baby Blu,(r101),false
Valentine Bearog,(r101),false
Valentine Bubblebee,(r101),false
Valentine Cirrus,(r101),false
Valentine Clompkin,(r101),false
Valentine Faellie,(r101),false
Valentine Farnswap,(r101),false
Valentine GX-4 Oscillabot,(r101),false
Valentine Kadoatie,(r101),false
Valentine Lyins,(r101),false
Valentine Magaral,(r101),false
Valentine Noil,(r101),false
Valentine Ona,(r101),false
Valentine Pandaphant,(r101),false
Valentine Slorg,(r101),false
Valentine Splime,(r101),false
Valentine Spyder,(r101),false
Valentine Turtmid,(r101),false
Valentine Ukali,(r101),false
Water Arkmite,(r101),false
Water Blobagus,(r101),false
Water Cadro,(r101),false
Water Dandan,(r101),false
Water Darblat,(r101),false
Water Florta,(r101),false
Water Juma,(r101),false
Water Minitheus,(r101),false
Water Moltenore,(r101),false
Water Nuranna,(r101),false
Water Quadrapus,(r101),false
Water Quilin,(r101),false
Water Schnelly,(r101),false
Water Skree,(r101),false
Water Slogmok,(r101),false
Water Slorg,(r101),false
Water Slymook,(r101),false
Water Woolypapith,(r101),false
Water Wreathy,(r101),false
Water Yooyu,(r101),false
Water Zumagorn,(r101),false
White Baby Blu,(r101),false
White Bika,(r101),false
White Crokabek,(r101),false
White Delfin,(r101),false
White Dua,(r101),false
White Faellie,(r101),false
White Flosset,(r101),false
White Flowper,(r101),false
White Gangee,(r101),false
White Garooda,(r101),false
White Gathow,(r101),false
White Goldy,(r180),false
White Greeble,(r101),false
White Gulper,(r180),false
White Gypmu,(r101),false
White Kadoatie,(r101),false
White Krawk,(r101),false
White Meepit,(r101),false
White Plathydon,(r101),false
White Scamander,(r101),false
White Schnelly,(r101),false
White Screal,(r101),false
White Slorg,(r101),false
White Snowickle,(r101),false
White Spardel,(r101),false
White Tuceet,(r101),false
White Turdle,(r180),false
Woodland Altachuck,(r101),false
Woodland Babaa,(r101),false
Woodland Blobikins,(r101),false
Woodland Camelior,(r101),false
Woodland Dandan,(r101),false
Woodland Eizzil,(r101),false
Woodland Epuni,(r101),false
Woodland Feloreena,(r101),false
Woodland Gobbler,(r101),false
Woodland Gypmu,(r101),false
Woodland Hermiteese,(r101),false
Woodland Juma,(r101),false
Woodland Mibblie,(r101),false
Woodland Millipod,(r101),false
Woodland Momba,(r101),false
Woodland Pwerko,(r101),false
Woodland Rock,(r101),false
Woodland Slogmok,(r101),false
Woodland Slorg,(r101),false
Woodland Symol,(r101),false
Woodland Teemyte,(r101),false
Woodland Tentacle,(r101),false
Woodland Ukali,(r101),false
Xampher,(r101),false
Yellow Bubbles,(r180),false
Yellow Cyodrake,(r180),false
Yellow Flizzardo,(r180),false
Yellow Flosset,(r101),false
Yellow Frowny,(r101),false
Yellow Furwitch,(r180),false
Yellow Gathow,(r101),false
Yellow Gremble,(r180),false
Yellow Gulper,(r180),false
Yellow Kadoatie,(r101),false
Yellow Krawk,(r101),false
Yellow Meepit,(r101),false
Yellow Pandaphant,(r101),false
Yellow Pofew,(r101),false
Yellow Pygui,(r101),false
Yellow Sharky,(r180),false
Yellow Snowbunny,(r180),false
Yellow Snowickle,(r101),false
Yellow Turdle,(r180),false
Yellow Zebie,(r101),false
Yellow Zumagorn,(r101),false
Zamillion,(r101),false
Zombie Anubis,(r101),false
Zombie Bartamus,(r101),false
Zombie Gallion,(r101),false
Zombie Ghostkerchief,(r101),false
Zombie Mauket,(r101),false
Zombie Moltenore,(r101),false
Zombie Nedler,(r101),false
Zombie Noil,(r101),false
Zombie Pandaphant,(r101),false
Zombie Slorg,(r101),false
Zombie Spardel,(r101),false
Zombie Spyder,(r101),false
Zombie Wherfy,(r101),false
Birthday Kadoatie,Inflation Notice,false
Moltenore,Inflation Notice,false
Sharky,Inflation Notice,false
Turdle,Inflation Notice,false
Birthday Hasee,Inflation Notice,false
Pink Slorg,Inflation Notice,false
Bat Boy,Inflation Notice,false
Desert Rock,Inflation Notice,false
Birthday Kookith,Inflation Notice,false
Bubbles,Inflation Notice,false
Disco Rock,Inflation Notice,false
Flizzardo,Inflation Notice,false
Goldy,Inflation Notice,false
Lightmite,Inflation Notice,false
Yooyu,Inflation Notice,false
Trumpadon,Inflation Notice,false
Plushie Gathow,Inflation Notice,false
Bogie,Inflation Notice,false
Crabby,Inflation Notice,false
Pink Melvie,Inflation Notice,false
Khura,Inflation Notice,false
Eustabee,Inflation Notice,false
Goyalbotnik,Inflation Notice,false
Babik,Inflation Notice,false
Babyca,Inflation Notice,false
Fire Angelpuss,Inflation Notice,false
Snomorg,Inflation Notice,false
Magmut,Inflation Notice,false
Raverge,Inflation Notice,false
Christmas Weewoo,Inflation Notice,false
Kookith,Inflation Notice,false
Plushie Sludgy,Inflation Notice,false
Christmas Niptor,Inflation Notice,false
C430 Autobot,Inflation Notice,false
Christmas Ona,Inflation Notice,false
Fake Golden Scratchy Post,Inflation Notice,false
Belonthiss,Inflation Notice,false
Gio,Inflation Notice,false
Ona,Inflation Notice,false
Christmas Yooyu,Inflation Notice,false
Gallion,Inflation Notice,false
Pirate Bone Pillow,Inflation Notice,false
Darigan Yooyu,85000000,false